merchant_id,tipo,name,cidade,culinaria,classificacao,brand,ofertas_ativas,descricao,logo_full_url,capa_full_url,fotos_galeria_full_urls,fotos_cardapio_full_urls,horario_funcionamento,faixa_preco,ticket_medio,culinaria_amigavel,endereco_completo,latitude,longitude,familiar,estacionamento,wifi,acessibilidade,musica_ao_vivo,area_kids,cardapio_kids,opcoes_vegetarianas,opcoes_veganas,pet_friendly,area_externa,ambiente_romantico,bom_para_happy_hour,valet,nota_google,avaliacoes_google,nota_dinein,avaliacoes_dinein,occasions
060694da-a96b-458d-88f6-bbc5de616723,Comer Fora,Amor Aos Pedaços - Aclimação,SAO PAULO,Doces & Bolos,KEY ACCOUNT,AMOR AOS PEDACOS,TRUE,"Somos reconhecidos há 40 anos pelas nossas deliciosas receitas artesanais e criações como o Bicho de Pé® e o famoso Festival de Morango, além de sermos os pioneiros em bolos em fatia.\n\nNossa linha de produtos ainda conta com sobremesas individuais, doces, bolos, tortas, pavês, salgados, bebidas e chocolates.\n\nTodas as fotos de produtos do nosso cardápio são meramente ilustrativas, podendo eventualmente ocorrer pequenas variações, caso a caso.",https://static.ifood-static.com.br/image/upload/t_thumbnail/logosgde/134e1748-6de7-40e0-a42d-8da87e359e43/202104151928_iNJs_i.jpg,https://static.ifood-static.com.br/image/upload/t_thumbnail/capa/134e1748-6de7-40e0-a42d-8da87e359e43/202205091311_ZDge_i.jpg,"[""https://dine-in-consumer-media-uploads.ifood.com.br/dine-in-partner/salon/photos/6cbe4dfa-9d4a-4fdf-ac3b-dc9f77708152_20260420_173824.jpg"",""https://dine-in-consumer-media-uploads.ifood.com.br/dine-in-partner/salon/photos/63cb5b9e-8b5b-4760-82ca-de8f5f759967_20260310_161525.jpg""]","[""https://dine-in-consumer-media-uploads.ifood.com.br/dine-in-partner/menu/photos/bacb2999-a705-44a2-8b33-18b2f765e0d0_Cardapio_Festival_do_Morango_26-page1.jpg"",""https://dine-in-consumer-media-uploads.ifood.com.br/dine-in-partner/menu/photos/f2353c37-97d4-4e84-8e2a-fd628e158131_Cardapio_Festival_do_Morango_26-page2.jpg"",""https://dine-in-consumer-media-uploads.ifood.com.br/dine-in-partner/menu/photos/b61c598b-4b41-44cc-8250-06980f6d336c_Cardapio_Festival_do_Morango_26-page3.jpg"",""https://dine-in-consumer-media-uploads.ifood.com.br/dine-in-partner/menu/photos/ef4b7dd2-879b-492f-9233-def27c5e4008_Cardapio_Festival_do_Morango_26-page4.jpg""]","[{""id"":""0927141a-d954-455a-b578-c74d0c5f19a6"",""dayOfWeek"":""SATURDAY"",""start"":""09:45"",""duration"":600,""end"":""19:45""},{""id"":""2f32f98b-d1b1-4769-9820-3b45404b7edc"",""dayOfWeek"":""SUNDAY"",""start"":""09:45"",""duration"":600,""end"":""19:45""},{""id"":""bb2ccb12-5c74-477a-aaf2-584f6f4b83b1"",""dayOfWeek"":""MONDAY"",""start"":""09:45"",""duration"":600,""end"":""19:45""},{""id"":""b9ef5361-b12d-4fb0-8275-b8f7555f93d7"",""dayOfWeek"":""TUESDAY"",""start"":""09:45"",""duration"":600,""end"":""19:45""},{""id"":""c197241f-b0df-4bb3-9c53-5f01ac667961"",""dayOfWeek"":""WEDNESDAY"",""start"":""09:45"",""duration"":600,""end"":""19:45""},{""id"":""acc9e98d-3f77-4702-abb7-d461d938e3ab"",""dayOfWeek"":""FRIDAY"",""start"":""09:45"",""duration"":600,""end"":""19:45""},{""id"":""cd356fb6-279e-4916-ab06-5691d9099556"",""dayOfWeek"":""THURSDAY"",""start"":""09:45"",""duration"":600,""end"":""19:45""}]",EXPENSIVE,80,Doces & Bolos,"AV DA ACLIMACAO, 860 - loja - ACLIMACAO, SAO PAULO/SP - CEP: 01531000",-23.573.569,-46.631.676,TRUE,TRUE,TRUE,FALSE,FALSE,FALSE,FALSE,FALSE,FALSE,TRUE,TRUE,FALSE,FALSE,FALSE,3.9,138,null,null,"[""Ambiente ao Ar Livre""]"
248438d6-1488-4319-94f1-0f7e9d8cc4eb,Comer Fora,Burger do Planalto,SAO PAULO,Lanches,CONTA ESTRATEGICA,BURGER DO PLANALTO,TRUE,Desde 2017 servindo batata frita artesanal que os clientes amam - além dos burgers suculentos e deliciosos! #pedeBDP\n\n#planaltopaulista #moema #hamburguer #lanchonete #batatafrita #nuggets #burger #vegetariano #vegano #veggie #superrestaurante,https://static.ifood-static.com.br/image/upload/t_thumbnail/logosgde/87b72944-cc34-4d34-84d3-82ef0868ec30/202405281529_PZgp_i.jpg,https://static.ifood-static.com.br/image/upload/t_thumbnail/capa/87b72944-cc34-4d34-84d3-82ef0868ec30/202601072215_IggN_g.png,"[""https://dine-in-consumer-media-uploads.ifood.com.br/dine-in-partner/salon/photos/37c19b5c-9742-4695-9e2d-1660ec34f070_salao_7.jpg"",""https://dine-in-consumer-media-uploads.ifood.com.br/dine-in-partner/salon/photos/2484b7d4-3ef8-437b-85b3-e7281b5a9859_salao_6.jpg""]",[],"[{""id"":""65997006-7484-46b0-b1a2-ac2487243c65"",""dayOfWeek"":""WEDNESDAY"",""start"":""11:45"",""duration"":180,""end"":""14:45""},{""id"":""ea62e895-3aab-47e2-87b7-a54f186aead7"",""dayOfWeek"":""THURSDAY"",""start"":""11:45"",""duration"":180,""end"":""14:45""},{""id"":""84ca3c24-ae5a-4da7-b859-c17a814e9ca8"",""dayOfWeek"":""FRIDAY"",""start"":""11:45"",""duration"":180,""end"":""14:45""},{""id"":""442fc44b-a3a4-44f5-aa61-0a439a5ee512"",""dayOfWeek"":""FRIDAY"",""start"":""17:45"",""duration"":255,""end"":""22:00""},{""id"":""4003bc6b-3e2f-47d4-97e8-64d1ce08f911"",""dayOfWeek"":""WEDNESDAY"",""start"":""17:30"",""duration"":270,""end"":""22:00""},{""id"":""1b35102f-b496-4e26-9531-ddb67332aaf6"",""dayOfWeek"":""SUNDAY"",""start"":""17:45"",""duration"":240,""end"":""21:45""},{""id"":""99023d42-43b3-4204-8463-d05075559721"",""dayOfWeek"":""THURSDAY"",""start"":""17:45"",""duration"":240,""end"":""21:45""},{""id"":""a9bbbcaf-aa90-47dd-9707-e6a3fb36e820"",""dayOfWeek"":""SATURDAY"",""start"":""17:45"",""duration"":255,""end"":""22:00""}]",VERY_EXPENSIVE,100,Lanches,"Avenida Ireré, 1834 - Planalto Paulista, SAO PAULO/SP - CEP: 04064004",-23.626.639,-46.646.299,TRUE,FALSE,FALSE,FALSE,FALSE,FALSE,FALSE,FALSE,FALSE,FALSE,TRUE,TRUE,FALSE,FALSE,4.7,920,null,null,"[""Ambiente ao Ar Livre""]"
8872f277-613e-44e1-84e7-5650543c9b19,Comer Fora,Good Stuff Burger,SAO PAULO,Hambúrguer,CONTA ESTRATEGICA,GOOD STUFF BURGUER,TRUE,"A ideia é manter as tradições do hambúrguer, uma refeição gostosa e prática. Pra comer com as mãos. Sem frescura. Trazer de volta a simplicidade desse momento. Sentir todos os sabores em apenas uma mordida. Ingredientes incrivelmente frescos, fornecedores selecionados com carinho. Picles marinados na casa e cortados na ponta da faca. Os smashburgers feitos com todo amor e dedicação. Receitas simples. Explosão de sabor. Assim é a Good Stuff – Keep it Simple. Smash, fritas, hot-dogs e milk shakes!",https://static.ifood-static.com.br/image/upload/t_thumbnail/logosgde/009a5769-d204-4f2d-a068-80175f0db0d6/202206011939_8Mw4_i.jpg,https://static.ifood-static.com.br/image/upload/t_thumbnail/capa/009a5769-d204-4f2d-a068-80175f0db0d6/202206011940_3aMJ_i.jpg,"[""https://dine-in-consumer-media-uploads.ifood.com.br/dine-in-partner/salon/photos/8e35b82b-f28f-4930-ab79-b8c3d31cc138_salao_good_redimensionado_6.jpg"",""https://dine-in-consumer-media-uploads.ifood.com.br/dine-in-partner/salon/photos/247388d7-342f-4427-86f3-0d460486e9d1_salao_good_redimensionado_5.jpg"",""https://dine-in-consumer-media-uploads.ifood.com.br/dine-in-partner/salon/photos/f0a3e1dc-e367-43e4-8bb0-83999dbe4849_salao_good_redimensionado_4.jpg"",""https://dine-in-consumer-media-uploads.ifood.com.br/dine-in-partner/salon/photos/224fd459-4524-4041-a4c6-fedcb88a3007_salao_good_redimensionado_3.jpg"",""https://dine-in-consumer-media-uploads.ifood.com.br/dine-in-partner/salon/photos/3e8bdf23-c95d-433b-a002-ea2ff4f2bee1_salao_good_redimensionado_2.jpg"",""https://dine-in-consumer-media-uploads.ifood.com.br/dine-in-partner/salon/photos/7f1cca5b-ab40-4040-afb6-f355e7a76e2d_salao_good_redimensionado_1.jpg""]",[],"[{""id"":""b51df04b-8ff6-4932-be77-544dd14d3e25"",""dayOfWeek"":""FRIDAY"",""start"":""12:00"",""duration"":240,""end"":""16:00""},{""id"":""e4601c22-6118-4ecd-a32b-37f7c600d6ea"",""dayOfWeek"":""THURSDAY"",""start"":""12:00"",""duration"":240,""end"":""16:00""},{""id"":""684a5abd-7715-47e3-ab1d-07465838f83c"",""dayOfWeek"":""SUNDAY"",""start"":""18:00"",""duration"":240,""end"":""22:00""},{""id"":""5a70cc84-7917-48f8-b1bd-daad7fc3ad96"",""dayOfWeek"":""TUESDAY"",""start"":""18:00"",""duration"":240,""end"":""22:00""},{""id"":""52af2d46-e4f6-4e29-9460-031bab0a8201"",""dayOfWeek"":""WEDNESDAY"",""start"":""18:00"",""duration"":240,""end"":""22:00""},{""id"":""f5e3dd46-dff7-45ad-ba3d-b8366f2d62db"",""dayOfWeek"":""SUNDAY"",""start"":""12:00"",""duration"":270,""end"":""16:30""},{""id"":""5d60770f-b746-4a2c-89d2-abde113b2bfb"",""dayOfWeek"":""TUESDAY"",""start"":""12:00"",""duration"":240,""end"":""16:00""},{""id"":""a88f302a-2b48-47c5-a611-e4519360b63d"",""dayOfWeek"":""FRIDAY"",""start"":""18:00"",""duration"":270,""end"":""22:30""},{""id"":""950a2a48-2c43-4c31-aa0f-10c6c09544e3"",""dayOfWeek"":""SATURDAY"",""start"":""12:00"",""duration"":630,""end"":""22:30""},{""id"":""d9400dbf-de74-4db5-b0a2-4cfdac0ebfc7"",""dayOfWeek"":""WEDNESDAY"",""start"":""12:00"",""duration"":240,""end"":""16:00""},{""id"":""32804f22-78d2-47c0-817d-1fdb03d097bf"",""dayOfWeek"":""THURSDAY"",""start"":""18:00"",""duration"":240,""end"":""22:00""}]",VERY_EXPENSIVE,100,Hambúrguer,"Avenida Cotovia, 430 - Indianópolis, SAO PAULO/SP - CEP: 04517001",-23.606.593,-46.671.836,TRUE,FALSE,FALSE,FALSE,FALSE,FALSE,FALSE,FALSE,FALSE,FALSE,FALSE,FALSE,FALSE,FALSE,4.7,301,null,null,"[""Ambiente ao Ar Livre""]"
8ebfc01e-cf0e-477a-826f-6fabbea7db09,Comer Fora,Filadélfia Brasa,SAO PAULO,Carnes,CONTA ESTRATEGICA,FILADELFIA BRASA,TRUE,"No Filadélfia, somos apaixonados por oferecer o melhor das carnes nobres, preparadas com todo o cuidado e maestria, com um toque especial da culinária brasileira. \nAlém disso, nossas carnes são acompanhadas de guarnições autênticas da nossa terra que tornam cada refeição uma verdadeira experiência gastronômica.\nSeja para um almoço rápido ou um jantar especial, temos opções que agradam a todos os gostos, sempre com a qualidade e o carinho da comida brasileira. Prepare-se para saborear cortes premium e se encantar com a combinação perfeita de carnes e acompanhamentos.",https://static.ifood-static.com.br/image/upload/t_thumbnail/logosgde/e80faf75-4bad-4733-a9e9-c962c0acaaa4/201909172006_7cRz_.jpeg,https://static.ifood-static.com.br/image/upload/t_thumbnail/capa/e80faf75-4bad-4733-a9e9-c962c0acaaa4/202311281848_r4St_i.jpg,"[""https://dine-in-consumer-media-uploads.ifood.com.br/dine-in-partner/salon/photos/67ed8621-4cb8-4f5d-a60f-3818a8a0c688_salao_filadelfia.jpg"",""https://dine-in-consumer-media-uploads.ifood.com.br/dine-in-partner/salon/photos/2e9134f6-3d89-4fb5-acec-391854247406_salao_fila_foto_6.jpg"",""https://dine-in-consumer-media-uploads.ifood.com.br/dine-in-partner/salon/photos/120d080a-99e2-4872-8901-5bf49128754a_salao_fila_foto_5.jpg"",""https://dine-in-consumer-media-uploads.ifood.com.br/dine-in-partner/salon/photos/870a2f9d-c866-4a24-ba93-16d91a62c62f_salao_fila_foto_4.jpg"",""https://dine-in-consumer-media-uploads.ifood.com.br/dine-in-partner/salon/photos/fc037733-dea6-423c-bcc8-6bd8398016c7_salao_fila_foto_3.jpg"",""https://dine-in-consumer-media-uploads.ifood.com.br/dine-in-partner/salon/photos/a390bdb9-f60a-408c-93da-7a5426258646_salao_fila_foto_2.jpg""]",[],"[{""id"":""fb44ca6d-c9c3-4cf4-bcf8-677c00d6d47c"",""dayOfWeek"":""TUESDAY"",""start"":""18:00"",""duration"":235,""end"":""21:55""},{""id"":""99d58748-d0b8-41c5-ac48-8f39c6f990cb"",""dayOfWeek"":""WEDNESDAY"",""start"":""11:15"",""duration"":225,""end"":""15:00""},{""id"":""c4ed6c70-d578-4b92-bb16-06fef1256641"",""dayOfWeek"":""WEDNESDAY"",""start"":""18:00"",""duration"":240,""end"":""22:00""},{""id"":""361b0d3c-5186-43fd-abe2-ade90fed2513"",""dayOfWeek"":""THURSDAY"",""start"":""11:15"",""duration"":225,""end"":""15:00""},{""id"":""07419ea7-cc24-4d2b-b517-3b971ed2a96f"",""dayOfWeek"":""FRIDAY"",""start"":""11:15"",""duration"":285,""end"":""16:00""},{""id"":""2bdc7858-e9b7-4502-8863-33ef9f923732"",""dayOfWeek"":""SUNDAY"",""start"":""11:15"",""duration"":330,""end"":""16:45""},{""id"":""a7429984-357f-4054-93ca-79f416855af1"",""dayOfWeek"":""FRIDAY"",""start"":""18:00"",""duration"":230,""end"":""21:50""},{""id"":""1ba8a2bf-d5ab-4bf4-afb3-791770a10caa"",""dayOfWeek"":""TUESDAY"",""start"":""11:15"",""duration"":225,""end"":""15:00""},{""id"":""bbbe6806-50d6-4bee-bd87-f6b2bbadb754"",""dayOfWeek"":""THURSDAY"",""start"":""18:00"",""duration"":230,""end"":""21:50""},{""id"":""4ef9e186-ffe4-4db3-8603-0302d4ccfd76"",""dayOfWeek"":""SATURDAY"",""start"":""11:15"",""duration"":645,""end"":""22:00""}]",VERY_EXPENSIVE,100,Carnes,"Rua Alexandre Dumas, 831 - Chácara Santo Antônio (Zona Sul), SAO PAULO/SP - CEP: 04717001",-23.634.846,-46.699.943,TRUE,FALSE,FALSE,FALSE,FALSE,FALSE,FALSE,FALSE,FALSE,FALSE,FALSE,FALSE,FALSE,FALSE,4.6,913,null,null,"[""Pra Curtir em Família"",""Copa do Mundo"",""Ambiente ao Ar Livre"",""Para esquentar""]"
8dc1ea89-73ca-44ff-a902-e5aa2b113071,Comer Fora,Nico Pasta & Basta,SAO PAULO,Italiana,CONTA ESTRATEGICA,NICO PASTA BASTA,TRUE,"O tradicional Grupo SalaVip já conhecido pelas suas deliciosas pizzas, inaugura em 2009 mais uma charmosa casa no bairro do Ipiranga, o Nico Pasta & Basta que nesses mais de 15 anos impressiona com suas incríveis massas frescas.",https://static.ifood-static.com.br/image/upload/t_thumbnail/logosgde/ebec9d3c-c10a-4911-b3d0-891942d3671e/202003261611_UdEy_i.jpg,https://dine-in-consumer-media-uploads.ifood.com.br/dine-in-partner/brand/cover/1747fd9b-0066-46c4-86b8-6a28c4ea0448_Destaque.jpg,"[""https://dine-in-consumer-media-uploads.ifood.com.br/dine-in-partner/salon/photos/f782385e-fa8f-438a-9339-149faab840bf_Salao_1.jpg"",""https://dine-in-consumer-media-uploads.ifood.com.br/dine-in-partner/salon/photos/3f415d92-baae-4ea3-9892-913a18c37d5f_Salao_2.jpg"",""https://dine-in-consumer-media-uploads.ifood.com.br/dine-in-partner/salon/photos/4d8c7af6-f43c-465f-ad21-8d409de9d7e4_Salao_3.jpg"",""https://dine-in-consumer-media-uploads.ifood.com.br/dine-in-partner/salon/photos/123091b2-6b96-4605-80a7-528a97f34f12_Salao_4.jpg"",""https://dine-in-consumer-media-uploads.ifood.com.br/dine-in-partner/salon/photos/5ef35294-f6cd-4468-9ba0-790adfede3dc_Salao_5.jpg"",""https://dine-in-consumer-media-uploads.ifood.com.br/dine-in-partner/salon/photos/da331095-3ea9-48c3-acf4-d59e07526ec7_Salao_6.jpg"",""https://dine-in-consumer-media-uploads.ifood.com.br/dine-in-partner/salon/photos/bd68ce09-4af6-47f4-b29a-8544d59c8365_Salao_7.jpg""]",[],"[{""id"":""d80451be-dfaa-405c-93b8-9db6dc86a0a6"",""dayOfWeek"":""TUESDAY"",""start"":""18:30"",""duration"":300,""end"":""23:30""},{""id"":""1392baab-46d6-4c08-b1d3-93ddb82e64c0"",""dayOfWeek"":""TUESDAY"",""start"":""12:00"",""duration"":180,""end"":""15:00""},{""id"":""193f4f70-4790-4f1d-bfea-81500d12f52a"",""dayOfWeek"":""THURSDAY"",""start"":""18:30"",""duration"":300,""end"":""23:30""},{""id"":""04870858-a4aa-4752-a496-6fd957ac2288"",""dayOfWeek"":""SATURDAY"",""start"":""12:00"",""duration"":240,""end"":""16:00""},{""id"":""273d71c9-3c76-4650-9e35-c653428f0344"",""dayOfWeek"":""THURSDAY"",""start"":""12:00"",""duration"":180,""end"":""15:00""},{""id"":""d630a316-aee3-453d-90fd-c12f5c3acfee"",""dayOfWeek"":""WEDNESDAY"",""start"":""12:00"",""duration"":180,""end"":""15:00""},{""id"":""9b339d09-5cc1-44dd-9e45-0a1bb202bec3"",""dayOfWeek"":""FRIDAY"",""start"":""18:30"",""duration"":329,""end"":""23:59""},{""id"":""b59d8ad4-20d3-4522-b905-3e84d2aab2d7"",""dayOfWeek"":""SUNDAY"",""start"":""12:00"",""duration"":240,""end"":""16:00""},{""id"":""d2aba616-a0bb-4891-83e6-ab4f0dfadc12"",""dayOfWeek"":""FRIDAY"",""start"":""12:00"",""duration"":180,""end"":""15:00""},{""id"":""fb97213e-c2eb-4cee-904c-a94baa8b72c2"",""dayOfWeek"":""WEDNESDAY"",""start"":""18:30"",""duration"":300,""end"":""23:30""},{""id"":""22e0a0eb-c87e-4cea-bedc-d8f04ad7eca9"",""dayOfWeek"":""SATURDAY"",""start"":""18:30"",""duration"":329,""end"":""23:59""}]",VERY_EXPENSIVE,100,Italiana,"Rua Costa Aguiar, 1586 - Ipiranga, SAO PAULO/SP - CEP: 04204001",-23.588.055,-46.606.466,TRUE,TRUE,FALSE,FALSE,FALSE,FALSE,FALSE,FALSE,FALSE,FALSE,FALSE,FALSE,FALSE,FALSE,4.6,4853,null,null,"[""Ambiente ao Ar Livre"",""Para esquentar""]"
8cd22408-7c51-4fe4-8b8c-c660725dcf12,Comer Fora,Pobre Juan - Cidade Jardim,SAO PAULO,Carnes,CONTA ESTRATEGICA,null,TRUE,"Inspirado nas típicas casas argentinas, o restaurante Pobre Juan é uma das mais conceituadas casas de carnes do país e ficou famoso por sua parrilla (grelha argentina) premium, cortes de carnes nobres especialmente selecionados, excelência na carta de vinhos e seu ofurô de cervejas.",https://dine-in-consumer-media-uploads.ifood.com.br/dine-in-partner/brand/logo/3afdedf3-19ca-472a-95af-b5f6c7c319d8_Logo_Final.jpg,https://dine-in-consumer-media-uploads.ifood.com.br/dine-in-partner/brand/cover/77898d25-8955-4226-83e4-813e41c91ee7_Destaque.jpg,"[""https://dine-in-consumer-media-uploads.ifood.com.br/dine-in-partner/salon/photos/82607e8f-e7f6-4981-a7eb-1f565f96156b_Salao_03.jpg"",""https://dine-in-consumer-media-uploads.ifood.com.br/dine-in-partner/salon/photos/8943b408-b37e-40d4-86dc-861c2dc41d95_Salao_01.jpg"",""https://dine-in-consumer-media-uploads.ifood.com.br/dine-in-partner/salon/photos/7b10fc10-2ed3-4a04-8885-39e97d453c85_Salao_04.jpg"",""https://dine-in-consumer-media-uploads.ifood.com.br/dine-in-partner/salon/photos/1d3db3dc-0096-49bf-8447-9e30b22f1ae1_Salao_05.jpg""]",[],"[{""id"":""662b5b6b-b806-4c04-a6f6-0c778e6598b8"",""dayOfWeek"":""WEDNESDAY"",""start"":""12:00"",""duration"":660,""end"":""23:00""},{""id"":""793b7657-7cf2-4d26-a7bf-a0d11d1c505c"",""dayOfWeek"":""FRIDAY"",""start"":""12:00"",""duration"":630,""end"":""22:30""},{""id"":""48a4ae47-dca1-4907-bf0c-e6e70e1e92f6"",""dayOfWeek"":""THURSDAY"",""start"":""12:00"",""duration"":660,""end"":""23:00""},{""id"":""7e6f052a-09ee-4d70-b2dc-f1ccfd754605"",""dayOfWeek"":""TUESDAY"",""start"":""12:00"",""duration"":660,""end"":""23:00""},{""id"":""2d4f396c-4995-46f4-a411-2d89da51c608"",""dayOfWeek"":""MONDAY"",""start"":""12:00"",""duration"":660,""end"":""23:00""},{""id"":""50b31545-1775-455f-a32f-3168e5a7a052"",""dayOfWeek"":""SUNDAY"",""start"":""12:00"",""duration"":540,""end"":""21:00""},{""id"":""907f5394-5c83-47e5-a0ef-f50d2b7fd302"",""dayOfWeek"":""SATURDAY"",""start"":""12:00"",""duration"":630,""end"":""22:30""}]",VERY_EXPENSIVE,100,Carnes,"AV MAGALHAES DE CASTRO, 12000 -  3° Piso - CIDADE JARDIM, SAO PAULO/SP - CEP: 05502001",-23.598.334,-46.699.066,TRUE,TRUE,FALSE,TRUE,FALSE,FALSE,FALSE,FALSE,FALSE,FALSE,FALSE,TRUE,FALSE,FALSE,4.6,1825,null,null,"[""Copa do Mundo"",""Ambiente ao Ar Livre"",""Para esquentar""]"
0be81eed-40ce-4ad6-b8b8-2b202ffa98cd,Comer Fora,Trattoria Tavolino Higienópolis,SAO PAULO,Italiana,CONTA ESTRATEGICA,TRATTORIA TAVOLINO - CONTA MARCA,TRUE,A Trattoria Tavolino é um pedacinho da Itália bem perto de você. Nossas receitas são carinhosamente preparadas de modo artesanal e nosso sabor tem alma genuinamente italiana.,https://static.ifood-static.com.br/image/upload/t_thumbnail/logosgde/c0135c44-1d8c-4ee1-963c-d8f52776f04c/202607211757_VW3n_d.jpg,https://dine-in-consumer-media-uploads.ifood.com.br/dine-in-partner/brand/cover/12c8e625-109d-4c57-a2b5-dd746f90f2c2_resized_image_41_.jpg,"[""https://dine-in-consumer-media-uploads.ifood.com.br/dine-in-partner/salon/photos/880bdbb8-6c3b-4863-90c4-073be9de6eff_resized_image_43_.jpg"",""https://dine-in-consumer-media-uploads.ifood.com.br/dine-in-partner/salon/photos/2e48e1d1-245e-46af-ae49-a1b2aec126d8_resized_image_42_.jpg""]",[],"[{""id"":""dccc5699-23e4-432c-82cc-5dd699728644"",""dayOfWeek"":""TUESDAY"",""start"":""15:00"",""duration"":450,""end"":""22:30""},{""id"":""a0e0119c-867d-4a0b-9b75-81b2294634f5"",""dayOfWeek"":""SUNDAY"",""start"":""17:00"",""duration"":270,""end"":""21:30""},{""id"":""a62b0b27-a546-466b-bd28-bc1918a8367a"",""dayOfWeek"":""MONDAY"",""start"":""15:00"",""duration"":450,""end"":""22:30""},{""id"":""01b30e83-fbb4-4668-ae60-e0a912be0ad6"",""dayOfWeek"":""WEDNESDAY"",""start"":""15:00"",""duration"":240,""end"":""19:00""}]",VERY_EXPENSIVE,100,Italiana,"Rua Alagoas, 124 - Higienópolis, SAO PAULO/SP - CEP: 01242000",-23.547.422,-46.655.565,TRUE,TRUE,FALSE,FALSE,FALSE,FALSE,FALSE,FALSE,FALSE,FALSE,FALSE,TRUE,FALSE,FALSE,4.6,1138,null,null,"[""Ambiente ao Ar Livre"",""Para esquentar""]"
e6930f04-ef60-4d25-8f24-cdfc56aa4e14,Comer Fora,Badauê,SAO PAULO,Frutos Do Mar,CONTA ESTRATEGICA,null,TRUE,"Com mais de 15 anos no Litoral Norte, o tradicional Badauê chega à capital.\n\nEspecialista em frutos do mar e cozinha caiçara, com delícias como Camarão Crocante, Lula à Dorê, Moquecas, Bobó de Camarão, Peixe com Farofa de Banana e uma seleção especial de sushi.\n\n🏆 Reconhecido pela excelência, fomos eleitos Melhor Restaurante de Peixes e Frutos do Mar de SP – 2023/2024/2025 pela revista GoWhere.",https://static.ifood-static.com.br/image/upload/t_thumbnail/logosgde/02fc56e3-afb9-47ec-b49d-41c4a3129ffb/202304041142_ypxl_i.jpg,https://static.ifood-static.com.br/image/upload/t_thumbnail/capa/02fc56e3-afb9-47ec-b49d-41c4a3129ffb/202304041142_QyYp_i.jpg,"[""https://dine-in-consumer-media-uploads.ifood.com.br/dine-in-partner/salon/photos/a1b58cbc-f962-49a8-bd2c-ef60deceec4a_salao_bada_6_v1.jpg"",""https://dine-in-consumer-media-uploads.ifood.com.br/dine-in-partner/salon/photos/76ec8836-a78a-4f03-ba32-8b91c6a8d2b7_salao_bada_5_v1.jpg"",""https://dine-in-consumer-media-uploads.ifood.com.br/dine-in-partner/salon/photos/9190647b-0b50-4765-beba-a5ecc15ac0e2_salao_bada_4_v1.jpg"",""https://dine-in-consumer-media-uploads.ifood.com.br/dine-in-partner/salon/photos/4df5076a-8d6b-4295-9374-85d50d5356e5_salao_bada_3_v1.jpg"",""https://dine-in-consumer-media-uploads.ifood.com.br/dine-in-partner/salon/photos/5ba02341-b3d4-4336-89f3-9e258b4242ba_salao_bada_2_v1.jpg"",""https://dine-in-consumer-media-uploads.ifood.com.br/dine-in-partner/salon/photos/aaa0bc77-d8bf-499d-9662-38ff6b8ecc47_salao_bada_1.jpg""]",[],"[{""id"":""d9caea43-6b80-4619-8a24-a70ba68b3629"",""dayOfWeek"":""SATURDAY"",""start"":""11:00"",""duration"":690,""end"":""22:30""},{""id"":""cae47a5e-94d2-4b36-a261-ee4ba0544106"",""dayOfWeek"":""TUESDAY"",""start"":""11:00"",""duration"":270,""end"":""15:30""},{""id"":""3dacdd44-6dfc-4f3a-963f-e5b13f31092b"",""dayOfWeek"":""SUNDAY"",""start"":""11:00"",""duration"":360,""end"":""17:00""},{""id"":""fe54e47c-6034-4d0c-966c-287e4924915f"",""dayOfWeek"":""FRIDAY"",""start"":""11:00"",""duration"":270,""end"":""15:30""},{""id"":""2683224f-c50a-44e1-ab51-6b8b7d750200"",""dayOfWeek"":""FRIDAY"",""start"":""18:30"",""duration"":255,""end"":""22:45""},{""id"":""1a0c30a6-c344-4242-b2d5-37062e9e0d92"",""dayOfWeek"":""WEDNESDAY"",""start"":""18:30"",""duration"":255,""end"":""22:45""},{""id"":""8754602f-c5be-43d6-9860-ee95c4e74278"",""dayOfWeek"":""THURSDAY"",""start"":""11:00"",""duration"":270,""end"":""15:30""},{""id"":""27039413-c202-402f-8328-dd9dd1c541fc"",""dayOfWeek"":""THURSDAY"",""start"":""18:30"",""duration"":255,""end"":""22:45""},{""id"":""93ebb89e-4c74-4fcf-a22c-5c0af9ca6dce"",""dayOfWeek"":""TUESDAY"",""start"":""18:30"",""duration"":255,""end"":""22:45""},{""id"":""92cda616-edf2-47cf-8149-876652454fb3"",""dayOfWeek"":""WEDNESDAY"",""start"":""11:00"",""duration"":270,""end"":""15:30""}]",VERY_EXPENSIVE,100,Frutos Do Mar,"R. José Maria Lisboa, 1397 - Jardins, SAO PAULO/SP - CEP: 01423001",-23.563.311,-46.663.532,FALSE,FALSE,FALSE,FALSE,FALSE,FALSE,FALSE,FALSE,FALSE,FALSE,FALSE,FALSE,FALSE,FALSE,4.5,684,null,null,"[""Pra Curtir em Família"",""Ambiente ao Ar Livre"",""Para esquentar""]"
6bf58e26-7e70-4368-a325-b0ea9ac400a2,Comer Fora,Consulado Mineiro Al. Santos,SAO PAULO,Brasileira,CONTA ESTRATEGICA,CONSULADO MINEIRO,TRUE,"Com uma proposta gastronômica sólida e reconhecida por sua qualidade, o Consulado traz uma comidinha caseira e com tempero mineiro que já é querida dos paulistanos há bastante tempo. Os pratos generosos e suculentos.",https://static.ifood-static.com.br/image/upload/t_thumbnail/logosgde/1a49719e-7cd8-4cb7-b90d-a4f3bf128894/202606230936_BY6w_l.png,https://static.ifood-static.com.br/image/upload/t_thumbnail/capa/1a49719e-7cd8-4cb7-b90d-a4f3bf128894/202606230936_u0bR_l.png,"[""https://dine-in-consumer-media-uploads.ifood.com.br/dine-in-partner/salon/photos/9ca90cab-3556-4500-b02e-f1dacee5ce10_Design_sem_nome_-_2026-08-19T202658.448.jpg"",""https://dine-in-consumer-media-uploads.ifood.com.br/dine-in-partner/salon/photos/a1b382ba-83a6-453a-b134-bc250a7fa36b_Design_sem_nome_-_2026-08-19T201929.636.jpg"",""https://dine-in-consumer-media-uploads.ifood.com.br/dine-in-partner/salon/photos/feaf1cf3-b30c-4d1d-bad3-1595c528a96d_Design_sem_nome_-_2026-08-19T202635.478.jpg"",""https://dine-in-consumer-media-uploads.ifood.com.br/dine-in-partner/salon/photos/673d3db9-c138-4d8a-939f-60aa00472d6e_Design_sem_nome_-_2026-08-19T202713.526.jpg"",""https://dine-in-consumer-media-uploads.ifood.com.br/dine-in-partner/salon/photos/41faafbf-eb34-4e8d-94d6-0953ed14e44a_Design_sem_nome_-_2026-08-19T202724.112.jpg"",""https://dine-in-consumer-media-uploads.ifood.com.br/dine-in-partner/salon/photos/10d97bde-6fa8-40ee-902c-98653dff2848_Design_sem_nome_-_2026-08-19T202647.618.jpg""]",[],"[{""id"":""ab391724-fce3-4555-8bb4-d21cca400624"",""dayOfWeek"":""TUESDAY"",""start"":""11:00"",""duration"":705,""end"":""22:45""},{""id"":""ec62575b-e6c4-408c-91b9-dc93d64594f1"",""dayOfWeek"":""SATURDAY"",""start"":""11:00"",""duration"":705,""end"":""22:45""},{""id"":""fbcf7fcb-1d5e-40ff-a99b-0d05d52c5f14"",""dayOfWeek"":""SUNDAY"",""start"":""11:00"",""duration"":345,""end"":""16:45""},{""id"":""e7be0f60-b440-4a1c-96b6-7b7cd60c1dd2"",""dayOfWeek"":""MONDAY"",""start"":""11:00"",""duration"":345,""end"":""16:45""},{""id"":""aaa57558-af57-4e5d-b810-51c977c43581"",""dayOfWeek"":""THURSDAY"",""start"":""11:00"",""duration"":705,""end"":""22:45""},{""id"":""ef0e5e8c-26ce-49cc-869f-d52d84f12399"",""dayOfWeek"":""WEDNESDAY"",""start"":""11:00"",""duration"":705,""end"":""22:45""},{""id"":""21f7c667-b95e-4137-8fc4-c5aea1c73894"",""dayOfWeek"":""FRIDAY"",""start"":""11:00"",""duration"":705,""end"":""22:45""}]",VERY_EXPENSIVE,100,Brasileira,"ALAMEDA SANTOS, 1107 - JARDIM PAULISTA, SAO PAULO/SP - CEP: 01419002",-23.565.732,-46.653.694,TRUE,TRUE,TRUE,FALSE,FALSE,FALSE,FALSE,FALSE,FALSE,FALSE,FALSE,TRUE,TRUE,FALSE,4.5,1645,null,null,"[""Momento a Dois"",""Ambiente ao Ar Livre"",""Para esquentar""]"
250786e8-be67-4c0a-a9d9-4029edca1c18,Comer Fora,Limão e Brasa Restaurante,SAO PAULO,Brasileira,CONTA ESTRATEGICA,PICANHARIA DOS AMIGOS,TRUE,"Almoço e jantar executivo entregue quentinho na sua casa ou trabalho! Peça nosso almoço ou jantar executivo, marmita, churrasco, espetinho, salada, pratos para compartilhar e receba tudo quentinho e fresquinho onde você estiver. Carnes, peixes, frango grelhados, salada e pratos executivos uma refeição rápida e prática sem sair de casa. Ideal para quem trabalha fora ou não tem tempo de cozinhar.",https://dine-in-consumer-media-uploads.ifood.com.br/dine-in-partner/brand/logo/2f525cc6-2212-4b81-93ab-bb926de1ab81_logo_limao_e_brasa_1.jpg,https://dine-in-consumer-media-uploads.ifood.com.br/dine-in-partner/brand/cover/9f3cf7ba-0fb6-4cd8-9399-8738222647bc_destaque_limao_1920x1080.jpg,"[""https://dine-in-consumer-media-uploads.ifood.com.br/dine-in-partner/salon/photos/32833570-7c25-4bc2-8318-96defe9f41d6_salao_limao_foto_1.jpg"",""https://dine-in-consumer-media-uploads.ifood.com.br/dine-in-partner/salon/photos/d0a0b662-2e09-423e-9fcc-a13a4b8c6125_salao_limao_foto_4.jpg"",""https://dine-in-consumer-media-uploads.ifood.com.br/dine-in-partner/salon/photos/c7012c53-6615-4e3b-9c1d-6e1c155d2eda_salao_limao_foto_2.jpg"",""https://dine-in-consumer-media-uploads.ifood.com.br/dine-in-partner/salon/photos/79860992-b3ff-496a-a938-31863cbfe5bc_salao_limao_foto_3.jpg""]",[],"[{""id"":""2bcaafab-ea9e-4779-9927-337599264204"",""dayOfWeek"":""SUNDAY"",""start"":""11:00"",""duration"":240,""end"":""15:00""}]",VERY_EXPENSIVE,100,Brasileira,"RUA GUAIPA, 1017 - VILA LEOPOLDINA, SAO PAULO/SP - CEP: 05089001",-23.521.488,-46.732.167,TRUE,TRUE,TRUE,TRUE,TRUE,TRUE,FALSE,FALSE,FALSE,TRUE,TRUE,FALSE,TRUE,TRUE,4.5,3488,null,null,"[""Pra Curtir em Família"",""Momento a Dois"",""Ambiente ao Ar Livre""]"
8452a389-062c-469b-a4aa-6d72570fc246,Comer Fora,Pacifico The Taco Shop,SAO PAULO,Mexicana,CONTA ESTRATEGICA,null,TRUE,"A casa apresenta uma proposta inspirada nos tacos shop da região da costas sul da Califórnia e noroeste do México, a Baja Califórnia. Trata-se de uma culinária diversificada e mais leve, conhecida também como fresh mex, que traz opções de wraps, bowls e saladas. Há ainda especialidades mexicanas tradicionais, como os tacos e burritos, além de delícias vegetarianas\ntaco, burrito, salada, saudável, fresco, bowl, quesadilla, chopp, restaurante mexicano, lanche, almoço, jantar",https://static.ifood-static.com.br/image/upload/t_thumbnail/logosgde/20324aa3-456d-4154-9ae6-90ddb64a0d27/202502031725_O8cE_t.jpg,https://dine-in-consumer-media-uploads.ifood.com.br/dine-in-partner/brand/cover/efe83075-f987-43e9-af7f-7171323e2500_imagem_promocao_1920x1080_2_.jpg,"[""https://dine-in-consumer-media-uploads.ifood.com.br/dine-in-partner/salon/photos/d4e8012b-d943-45c7-86fc-e9ee57929381_imagem_redimensionada_5_1080x1620.jpg"",""https://dine-in-consumer-media-uploads.ifood.com.br/dine-in-partner/salon/photos/865455e8-9388-4bc2-bea8-7916071ec70b_imagem_redimensionada_4_1080x1620.jpg"",""https://dine-in-consumer-media-uploads.ifood.com.br/dine-in-partner/salon/photos/f66fbcc5-7552-4122-acca-8028a4c252b7_imagem_redimensionada_3_1080x1620.jpg"",""https://dine-in-consumer-media-uploads.ifood.com.br/dine-in-partner/salon/photos/f8222de1-9a6c-43ce-bbdb-a18a25cc18c9_imagem_redimensionada_1_1080x1620.jpg"",""https://dine-in-consumer-media-uploads.ifood.com.br/dine-in-partner/salon/photos/f5d7cb25-0c96-422a-90f7-85d73a4b9058_imagem_redimensionada_2_1080x1620.jpg""]","[""https://dine-in-consumer-media-uploads.ifood.com.br/dine-in-partner/menu/photos/f5ed5882-83b6-45a5-9bee-ea02246d162a_card_taco-page1.jpg""]","[{""id"":""a7de68e5-e20d-45da-9590-840754d1665e"",""dayOfWeek"":""WEDNESDAY"",""start"":""11:00"",""duration"":705,""end"":""22:45""},{""id"":""70470708-16b9-4473-93c2-3234ec5fc23c"",""dayOfWeek"":""MONDAY"",""start"":""11:00"",""duration"":705,""end"":""22:45""},{""id"":""4f288371-da5f-4df8-acf3-05266c1f1cae"",""dayOfWeek"":""TUESDAY"",""start"":""11:00"",""duration"":705,""end"":""22:45""},{""id"":""7928ed4b-bca8-496a-b805-8ed315875257"",""dayOfWeek"":""FRIDAY"",""start"":""11:00"",""duration"":705,""end"":""22:45""},{""id"":""ceff031c-dbc7-4bde-a949-3a6588451306"",""dayOfWeek"":""SUNDAY"",""start"":""11:00"",""duration"":705,""end"":""22:45""},{""id"":""5d7e283a-84e7-4bf6-bc6c-6836dc5134c2"",""dayOfWeek"":""SATURDAY"",""start"":""11:00"",""duration"":705,""end"":""22:45""},{""id"":""b0086aaa-1162-49fe-9b13-6e0d9fd08acd"",""dayOfWeek"":""THURSDAY"",""start"":""11:00"",""duration"":705,""end"":""22:45""}]",VERY_EXPENSIVE,100,Mexicana,"R JESUINO ARRUDA, 512 - ITAIM BIBI, SAO PAULO/SP - CEP: 04532081",-23.582.087,-46.675.371,TRUE,FALSE,TRUE,TRUE,FALSE,FALSE,TRUE,FALSE,FALSE,TRUE,TRUE,FALSE,TRUE,FALSE,4.5,634,null,null,"[""Pra Curtir em Família"",""Ambiente ao Ar Livre""]"
d649ffff-ec96-4123-b2b9-9001fbd2b4b8,Comer Fora,Restaurante Pé no Parque,SAO PAULO,Saudável,CONTA ESTRATEGICA,ACAI ORIGINAL,TRUE,"Restaurante e Lanchonete de comida saudável, próximo ao parque do ibirapuera.",https://static.ifood-static.com.br/image/upload/t_thumbnail/logosgde/9fb21202-d297-4bc8-a34e-cfdfb8c20fe1/202004231657_HGmE_i.png,https://static.ifood-static.com.br/image/upload/t_thumbnail/capa/9fb21202-d297-4bc8-a34e-cfdfb8c20fe1/202005011951_GucE_9.jpg,"[""https://dine-in-consumer-media-uploads.ifood.com.br/dine-in-partner/salon/photos/c9e0f454-a3e9-422a-abd0-5990ba744301_foto_salao_1_v3_1_.jpg"",""https://dine-in-consumer-media-uploads.ifood.com.br/dine-in-partner/salon/photos/8c6f261c-cd24-477c-8eac-0663071a8b3a_foto_salao_2_v3_1_.jpg""]",[],"[{""id"":""52b6cfa1-2cc7-429e-ade9-4f5215344645"",""dayOfWeek"":""SATURDAY"",""start"":""11:00"",""duration"":690,""end"":""22:30""},{""id"":""7753f272-4413-4007-84a8-4249c0475b99"",""dayOfWeek"":""MONDAY"",""start"":""11:00"",""duration"":690,""end"":""22:30""},{""id"":""60c51cfa-57b0-4a05-8e56-dc6a07e6fa3a"",""dayOfWeek"":""TUESDAY"",""start"":""11:00"",""duration"":690,""end"":""22:30""},{""id"":""41b5f081-a2c7-465d-b572-aa0e2867e374"",""dayOfWeek"":""WEDNESDAY"",""start"":""11:00"",""duration"":690,""end"":""22:30""},{""id"":""88a6fdbc-5107-46a7-9fe0-5c1d8f7fa238"",""dayOfWeek"":""THURSDAY"",""start"":""11:00"",""duration"":690,""end"":""22:30""},{""id"":""b0b5978a-bc14-48cc-9758-09beb7e52526"",""dayOfWeek"":""SUNDAY"",""start"":""11:00"",""duration"":690,""end"":""22:30""},{""id"":""17908bea-100f-46f6-8003-18c5abb6c15e"",""dayOfWeek"":""FRIDAY"",""start"":""11:00"",""duration"":690,""end"":""22:30""}]",VERY_EXPENSIVE,100,Saudável,"Rua Inhambu, 240 - Moema, SAO PAULO/SP - CEP: 04520010",-23.597.758,-46.665.379,TRUE,FALSE,FALSE,FALSE,FALSE,FALSE,FALSE,FALSE,FALSE,FALSE,TRUE,TRUE,FALSE,FALSE,4.5,3542,null,null,"[""Momento a Dois"",""Tomar um Café"",""Comer Saudável"",""Ambiente ao Ar Livre""]"
70d81170-820b-486b-a19b-997a08f2b088,Comer Fora,Rinconcito Peruano Moema,SAO PAULO,Frutos Do Mar,CONTA ESTRATEGICA,RINCONCITO PERUANO,TRUE,acai\npizza\nbolo\nfeijoada\npastel\nesfiha\nsorvete\nsalgados\ndoce\ndonuts\nhamburguer\nyakisoba\nchurrasco\nhot dog\nchurros\ncoxinha\nlanche\nburguer\nsushi\nfrango\nceviche\nchocolate\nacaraje\nsaudavel\npoke\nbatata\nbeirute\nesfirra\nbatata frita\nmilk shake\nfrango assado\nespetinho\nbrigadeiro\nparmegiana\ntemaki\npizzaria\npadaria\njapones\ncigarro\ntabacaria\ncombo\ncomida japonesa\ncarvao\ncomida\nmercado\nmarlboro\nrestaurante japones\nmexicano\nimigrantes\npastelaria\ncomida peruana\nassai\nperuano\nme\nrodizio\nthe best\nvegano\ncomida arabe\n\n,https://static.ifood-static.com.br/image/upload/t_thumbnail/logosgde/9ee0395b-6308-4acd-b584-65ee99f6e1af/202103171245_ASYG_i.jpg,https://static.ifood-static.com.br/image/upload/t_thumbnail/capa/201808161628_9ee0395b-6308-4acd-b584-65ee99f6e1af_capa1.jpg,"[""https://dine-in-consumer-media-uploads.ifood.com.br/dine-in-partner/salon/photos/83bdf270-114d-44b9-81e5-f060f00d0bd0_salao_rinconcito_4_v1.jpg"",""https://dine-in-consumer-media-uploads.ifood.com.br/dine-in-partner/salon/photos/bb31f965-f2f1-49e9-aad3-116301b8fd9a_salao_rinconcito_3_v1.jpg"",""https://dine-in-consumer-media-uploads.ifood.com.br/dine-in-partner/salon/photos/72a2c98e-5947-47c5-a84e-39a158fb6b40_salao_rinconcito_2_v1.jpg"",""https://dine-in-consumer-media-uploads.ifood.com.br/dine-in-partner/salon/photos/af3cd1c9-0c95-4cd5-a8fe-ab098f59d8b8_salao_rinconcito_v1.jpg"",""https://dine-in-consumer-media-uploads.ifood.com.br/dine-in-partner/salon/photos/eaedd916-5e83-480d-bf28-60b1b0e5a044_salao_rinconcito_3_1080x1620.jpg""]",[],"[{""id"":""58f37f13-626f-4d02-82a8-2c63774e6cb1"",""dayOfWeek"":""THURSDAY"",""start"":""11:00"",""duration"":240,""end"":""15:00""},{""id"":""16302fa2-8124-4b35-95dc-de5a623bdd13"",""dayOfWeek"":""THURSDAY"",""start"":""18:00"",""duration"":300,""end"":""23:00""},{""id"":""b673d36c-8a4d-4ac1-89d2-926f7ee232df"",""dayOfWeek"":""SATURDAY"",""start"":""11:00"",""duration"":720,""end"":""23:00""},{""id"":""448156f9-a9a8-4b01-94df-84810219ba04"",""dayOfWeek"":""MONDAY"",""start"":""18:00"",""duration"":300,""end"":""23:00""},{""id"":""2f71b538-34e6-4de5-8dd5-6d276853a3c9"",""dayOfWeek"":""TUESDAY"",""start"":""11:00"",""duration"":240,""end"":""15:00""},{""id"":""31cb6326-e9f9-41f9-89f9-a983d9dfd11f"",""dayOfWeek"":""MONDAY"",""start"":""11:00"",""duration"":240,""end"":""15:00""},{""id"":""b465394c-4807-4ceb-bac8-ff6a12a1daee"",""dayOfWeek"":""SUNDAY"",""start"":""11:00"",""duration"":660,""end"":""22:00""},{""id"":""30504cb9-bf59-45f2-b347-17708b7ec6ae"",""dayOfWeek"":""FRIDAY"",""start"":""11:00"",""duration"":240,""end"":""15:00""},{""id"":""7a190a2e-6c3b-4113-bcae-bd76424d5efe"",""dayOfWeek"":""WEDNESDAY"",""start"":""18:00"",""duration"":300,""end"":""23:00""},{""id"":""f8c184c7-cce1-4ddc-8065-366e6c82e9e1"",""dayOfWeek"":""TUESDAY"",""start"":""18:00"",""duration"":300,""end"":""23:00""},{""id"":""40c283ee-4f9d-476c-a098-66a0894f3d0e"",""dayOfWeek"":""FRIDAY"",""start"":""18:00"",""duration"":300,""end"":""23:00""},{""id"":""8ca2e458-033f-404e-8d0f-2837a34547db"",""dayOfWeek"":""WEDNESDAY"",""start"":""11:00"",""duration"":240,""end"":""15:00""}]",VERY_EXPENSIVE,100,Frutos Do Mar,"AV SABIA, 733 - INDIANOPOLIS, SAO PAULO/SP - CEP: 04515001",-23.602.366,-46.662.799,FALSE,FALSE,FALSE,FALSE,FALSE,FALSE,FALSE,FALSE,FALSE,FALSE,FALSE,FALSE,FALSE,FALSE,4.5,3687,null,null,"[""Pra Curtir em Família"",""Ambiente ao Ar Livre"",""Para esquentar""]"
c1655555-8fe6-406c-a68b-e2473ed96373,Comer Fora,The Bear Burger,SAO PAULO,Lanches,CONTA ESTRATEGICA,THE BEAR,TRUE,Primeira hamburgueria a trabalhar somente com carne 100% wagyu. Todos nossos vegetais são orgânicos e ingredientes preparados na casa. Mate sua fome de urso e se surpreenda com uma explosão de sabores!,https://static.ifood-static.com.br/image/upload/t_thumbnail/logosgde/2696b4a5-1b97-499b-bce5-5d3972a9610e/202004282203_R8z5_i.jpg,https://static.ifood-static.com.br/image/upload/t_thumbnail/capa/2696b4a5-1b97-499b-bce5-5d3972a9610e/201905291834_Tj94_t.jpg,"[""https://dine-in-consumer-media-uploads.ifood.com.br/dine-in-partner/salon/photos/be5364e8-cf58-4478-8b91-7e22082a980b_Design_sem_nome_84_.jpg"",""https://dine-in-consumer-media-uploads.ifood.com.br/dine-in-partner/salon/photos/42662a5b-e997-4845-852a-f0a45d3b5629_Design_sem_nome_81_.jpg"",""https://dine-in-consumer-media-uploads.ifood.com.br/dine-in-partner/salon/photos/16fd07c3-efe2-4dcb-924b-f6768c5ff4c1_Design_sem_nome_83_.jpg"",""https://dine-in-consumer-media-uploads.ifood.com.br/dine-in-partner/salon/photos/0ffe4781-c4ce-48e9-bd1f-7620d38d1a7d_Design_sem_nome_79_.jpg"",""https://dine-in-consumer-media-uploads.ifood.com.br/dine-in-partner/salon/photos/3b53830a-49eb-4bb3-b678-7831a0a4737a_Design_sem_nome_82_.jpg"",""https://dine-in-consumer-media-uploads.ifood.com.br/dine-in-partner/salon/photos/4a174540-28f0-4a07-b935-926a5d6c62b6_Design_sem_nome_78_.jpg""]",[],"[{""id"":""093da2af-d04c-4120-8af6-3309a4c8a46f"",""dayOfWeek"":""SATURDAY"",""start"":""12:00"",""duration"":705,""end"":""23:45""},{""id"":""35c5e075-372c-4ef1-95d7-1c9d509e1e1b"",""dayOfWeek"":""TUESDAY"",""start"":""18:00"",""duration"":285,""end"":""22:45""},{""id"":""b4f75270-e47c-4743-a4d7-49d4d481494c"",""dayOfWeek"":""SUNDAY"",""start"":""12:00"",""duration"":615,""end"":""22:15""},{""id"":""1c964aba-c3f1-4222-a534-13cacb68e7b0"",""dayOfWeek"":""WEDNESDAY"",""start"":""18:00"",""duration"":285,""end"":""22:45""},{""id"":""8c849e42-c413-401e-8810-066d2732b126"",""dayOfWeek"":""THURSDAY"",""start"":""18:00"",""duration"":285,""end"":""22:45""},{""id"":""fb8804d6-465e-46ac-9414-46212f39f44f"",""dayOfWeek"":""FRIDAY"",""start"":""18:00"",""duration"":345,""end"":""23:45""}]",VERY_EXPENSIVE,100,Lanches,"Rua caiubi, 1537, Perdizes, 1537 - Perdizes, SAO PAULO/SP - CEP: 05010000",-23.534.352,-46.681.089,TRUE,FALSE,TRUE,FALSE,FALSE,FALSE,FALSE,FALSE,FALSE,FALSE,FALSE,FALSE,FALSE,FALSE,4.5,1106,null,null,"[""Pra Curtir em Família"",""Momento a Dois"",""Ambiente ao Ar Livre""]"
014a4b3d-7c5e-4df0-9443-28bc0012018f,Comer Fora,Grill 688,SAO PAULO,Brasileira,CONTA ESTRATEGICA,GRILL 688,TRUE,"O melhor do churrasco gaúcho vc encontra aqui no Grill 688, cupim, cupim casqueirado, picanha, picanha grelhada, fraldinha, carré de cordeiro, bife ancho, bife de chorizo, costela, costela bovina, costela assada, costela no bafo, misto a gaúcho, espeto misto, filet de salmão, filet mignon, medalhão, tornedor, espetinhos, espetinho de carne, alheira, picanha nobre, carne seca, arroz carreteiro, queijo assado, palmito, executivo, executivos, purê de mandioca, sanduiche de cupim, sanduiche, calabresa, bolinho de carne, Marmitex de Cupim, Marmitex de Calabreza, Porção de Cupim, Porcao de Cupim, sanduba, sanduiche, sanduiche.",https://static.ifood-static.com.br/image/upload/t_thumbnail/logosgde/b24fe402-9e46-4ff1-9f87-8d01e9e9ef27/202503311146_v30d_.jpeg,https://static.ifood-static.com.br/image/upload/t_thumbnail/capa/b24fe402-9e46-4ff1-9f87-8d01e9e9ef27/202006160928_gPaI_f.jpg,"[""https://dine-in-consumer-media-uploads.ifood.com.br/dine-in-partner/salon/photos/9dfe3b2d-112c-4a72-b0a4-69f4726a3756_foto_salao_1080x1620_25_.jpg"",""https://dine-in-consumer-media-uploads.ifood.com.br/dine-in-partner/salon/photos/04993158-d32f-47a9-86a7-c0ce772e3674_foto_salao_1080x1620_v1_9_.jpg""]",[],"[{""id"":""b5a2a248-e4f5-4c5a-be1d-a48661990b2e"",""dayOfWeek"":""THURSDAY"",""start"":""10:30"",""duration"":705,""end"":""22:15""},{""id"":""e04b6fc1-55a5-4aca-a3a7-ec3c12cbea27"",""dayOfWeek"":""SUNDAY"",""start"":""10:30"",""duration"":480,""end"":""18:30""},{""id"":""9d1736bc-17af-4cc7-8fc9-c2a8c140a98c"",""dayOfWeek"":""SATURDAY"",""start"":""10:30"",""duration"":720,""end"":""22:30""},{""id"":""7eb2a586-39f5-47f1-9921-a4feb0981d60"",""dayOfWeek"":""FRIDAY"",""start"":""10:30"",""duration"":720,""end"":""22:30""},{""id"":""bc6a1463-033a-435a-9796-d2ddfc3d2b23"",""dayOfWeek"":""TUESDAY"",""start"":""10:30"",""duration"":690,""end"":""22:00""},{""id"":""ce683f8c-6874-4876-a49c-311f630d412c"",""dayOfWeek"":""MONDAY"",""start"":""10:30"",""duration"":390,""end"":""17:00""},{""id"":""5b347d7a-60ac-4234-9410-103c7afb03b3"",""dayOfWeek"":""WEDNESDAY"",""start"":""10:30"",""duration"":705,""end"":""22:15""}]",VERY_EXPENSIVE,100,Brasileira,"Rua Pedro Cacunda, 688 - Jardim Sao Paulo, SAO PAULO/SP - CEP: 02046090",-23.487.571,-46.611.184,TRUE,TRUE,FALSE,FALSE,FALSE,FALSE,FALSE,FALSE,FALSE,FALSE,TRUE,FALSE,FALSE,FALSE,4.4,1391,null,null,"[""Pra Curtir em Família"",""Ambiente ao Ar Livre""]"
3c5af7fd-0408-42c8-9948-8fd0f61cd6d5,Comer Fora,La Buena Onda Tatuapé - Comida Mexicana -,SAO PAULO,Mexicana,CONTA ESTRATEGICA,LA BUENA ONDA-,TRUE,"A La Buena Onda é um restaurante Fast Casual que une o melhor das culinárias mexicana e tex-mex, adaptadas ao paladar brasileiro. Nosso cardápio traz tacos, burritos, quesadillas, nachos, guacamole, soft tacos, tacos al pastor, combos e criações exclusivas da casa. Tudo é preparado artesanalmente, com ingredientes selecionados, muito sabor e qualidade, proporcionando uma experiência única !",https://static.ifood-static.com.br/image/upload/t_thumbnail/logosgde/738868ff-70d0-44c9-9635-5cd2f37b3f85/202011231913_fT6f_i.jpg,https://static.ifood-static.com.br/image/upload/t_thumbnail/capa/738868ff-70d0-44c9-9635-5cd2f37b3f85/202605292129_FRkD_b.png,"[""https://dine-in-consumer-media-uploads.ifood.com.br/dine-in-partner/salon/photos/64ab277b-08a5-4782-9ec6-02633671e0c6_captura-de-tela-2026-07-31-154645_resized.jpg"",""https://dine-in-consumer-media-uploads.ifood.com.br/dine-in-partner/salon/photos/50cee53f-8621-4591-8135-8680570756c2_captura-de-tela-2026-07-31-154611_resized.jpg"",""https://dine-in-consumer-media-uploads.ifood.com.br/dine-in-partner/salon/photos/120b019c-48a6-4337-b28c-8ffe0794096d_captura-de-tela-2026-07-31-154701_resized.jpg"",""https://dine-in-consumer-media-uploads.ifood.com.br/dine-in-partner/salon/photos/d768238d-498d-4944-b739-9701ad8478af_captura-de-tela-2026-07-31-154524_resized.jpg"",""https://dine-in-consumer-media-uploads.ifood.com.br/dine-in-partner/salon/photos/dff1ab25-914f-4b64-8036-ed82103cf36f_captura-de-tela-2026-07-31-154627_resized.jpg""]",[],"[{""id"":""80661e66-e8db-45f5-b154-54ba32c4c1ba"",""dayOfWeek"":""THURSDAY"",""start"":""12:00"",""duration"":600,""end"":""22:00""},{""id"":""3b8e49c8-7463-4e91-ae70-aeb21bd62ebf"",""dayOfWeek"":""WEDNESDAY"",""start"":""12:00"",""duration"":600,""end"":""22:00""},{""id"":""3fa552ed-171e-4a11-a6d1-cdcedfba3ec5"",""dayOfWeek"":""MONDAY"",""start"":""15:15"",""duration"":390,""end"":""21:45""},{""id"":""79339f2d-9579-4399-bcc8-479c1fcd4c7a"",""dayOfWeek"":""SUNDAY"",""start"":""12:00"",""duration"":600,""end"":""22:00""},{""id"":""70eabeb9-1152-4d5b-8711-8be9d5971ffd"",""dayOfWeek"":""FRIDAY"",""start"":""12:00"",""duration"":600,""end"":""22:00""},{""id"":""f9db1c42-d8ae-4b2e-b7c0-193d5f8eb5fd"",""dayOfWeek"":""TUESDAY"",""start"":""12:00"",""duration"":600,""end"":""22:00""},{""id"":""e9b507ea-c300-4081-b209-e16ddce6be7c"",""dayOfWeek"":""SATURDAY"",""start"":""12:00"",""duration"":600,""end"":""22:00""}]",VERY_EXPENSIVE,100,Mexicana,"RUA ITAPURA, 859 - VILA GOMES CARDIM, SAO PAULO/SP - CEP: 03310000",-23.546.176,-46.566.018,TRUE,TRUE,TRUE,TRUE,FALSE,FALSE,FALSE,TRUE,FALSE,FALSE,FALSE,TRUE,FALSE,FALSE,4.4,1988,null,2,"[""Ambiente ao Ar Livre""]"
dcb53248-53a2-4945-a79c-397943a68c36,Comer Fora,Ofner - Socorro Loja De Fábrica,SAO PAULO,Cafeteria,CONTA ESTRATEGICA,OFNER - CONTA PAI,TRUE,"Tem sempre um motivo para pedir Ofner. Seja para adoçar o dia, fazer uma refeição leve, celebrar uma data especial ou surpreender alguém com um presente, escolha seus favoritos e receba em casa produtos preparados com ingredientes selecionados, cuidado e qualidade em cada detalhe.",https://static.ifood-static.com.br/image/upload/t_thumbnail/logosgde/5ebefd0a-19ec-4f91-823a-b63324bc7c2d/202607081019_RyUg_7.jpg,https://dine-in-consumer-media-uploads.ifood.com.br/dine-in-partner/brand/cover/e0443ea4-ef60-46ea-a82b-25acf217c563_foto_destaque_1920x1080_12_.jpg,"[""https://dine-in-consumer-media-uploads.ifood.com.br/dine-in-partner/salon/photos/7a0646ab-6ee5-44b5-aca6-167c06528581_resized_image_13_.jpg"",""https://dine-in-consumer-media-uploads.ifood.com.br/dine-in-partner/salon/photos/4ecd7d8e-84f0-41f6-ad95-94b2c7aea20f_resized_image_14_.jpg""]",[],"[{""id"":""90eb9e63-0557-451c-824f-cdffb0d7a59a"",""dayOfWeek"":""SUNDAY"",""start"":""08:00"",""duration"":810,""end"":""21:30""},{""id"":""fa71e55b-00ac-4825-afb2-3ae91873eab7"",""dayOfWeek"":""WEDNESDAY"",""start"":""08:00"",""duration"":810,""end"":""21:30""},{""id"":""684e5bcc-5a77-49b2-a70f-99faf60e4589"",""dayOfWeek"":""TUESDAY"",""start"":""08:00"",""duration"":810,""end"":""21:30""},{""id"":""caa155a0-17b2-499b-a886-2a12684335a9"",""dayOfWeek"":""THURSDAY"",""start"":""08:00"",""duration"":810,""end"":""21:30""},{""id"":""349edb99-d868-443b-a6f3-8c44eb730599"",""dayOfWeek"":""SATURDAY"",""start"":""08:00"",""duration"":870,""end"":""22:30""},{""id"":""ccb26103-1433-4f52-bf1e-4ae243c356b4"",""dayOfWeek"":""FRIDAY"",""start"":""08:00"",""duration"":810,""end"":""21:30""},{""id"":""d16bb83d-17d7-42ca-975b-c6f147d23c18"",""dayOfWeek"":""MONDAY"",""start"":""08:00"",""duration"":810,""end"":""21:30""}]",VERY_EXPENSIVE,100,Cafeteria,"Rua Olivia Guedes Penteado, 375 - Socorro, SAO PAULO/SP - CEP: 04766001",-23.670.024,-46.710.762,TRUE,TRUE,FALSE,FALSE,FALSE,FALSE,FALSE,FALSE,FALSE,FALSE,FALSE,TRUE,FALSE,FALSE,4.4,3620,null,null,[]
83052220-a7d6-4079-b076-7827c4734ab7,Comer Fora,Ofner-Itaim Bibi,SAO PAULO,Cafeteria,CONTA ESTRATEGICA,OFNER - CONTA PAI,TRUE,"Tem sempre um motivo para pedir Ofner. Seja para adoçar o dia, fazer uma refeição leve, celebrar uma data especial ou surpreender alguém com um presente, escolha seus favoritos e receba em casa produtos preparados com ingredientes selecionados, cuidado e qualidade em cada detalhe.",https://static.ifood-static.com.br/image/upload/t_thumbnail/logosgde/e9152991-afdc-42d1-89ba-c567b561ff09/202607071902_M8jQ_7.jpg,https://dine-in-consumer-media-uploads.ifood.com.br/dine-in-partner/brand/cover/ffb1bce9-9e2d-4c5e-b1da-38e185ba57ce_foto_destaque_1920x1080_12_.jpg,"[""https://dine-in-consumer-media-uploads.ifood.com.br/dine-in-partner/salon/photos/00452766-0a53-4f08-be42-92581a345e29_resized_image_16_.jpg"",""https://dine-in-consumer-media-uploads.ifood.com.br/dine-in-partner/salon/photos/edd628b8-c1b3-46f7-ad01-70d29c0cf2e7_resized_image_15_.jpg""]","[""https://dine-in-consumer-media-uploads.ifood.com.br/dine-in-partner/menu/photos/fb3bae85-ba75-4174-97f0-518f1e6694ce_Ofner_Menu_Cardapio_01_1-compactado-page1.jpg"",""https://dine-in-consumer-media-uploads.ifood.com.br/dine-in-partner/menu/photos/23b95ffd-b45e-48cc-9a44-97e51e73d23b_Ofner_Menu_Cardapio_01_1-compactado-page2.jpg"",""https://dine-in-consumer-media-uploads.ifood.com.br/dine-in-partner/menu/photos/4ed3766a-2d8e-4019-ac10-099f4ef79f8d_Ofner_Menu_Cardapio_01_1-compactado-page3.jpg"",""https://dine-in-consumer-media-uploads.ifood.com.br/dine-in-partner/menu/photos/a9f6d264-5b35-466b-b358-77a6f05e328f_Ofner_Menu_Cardapio_01_1-compactado-page4.jpg"",""https://dine-in-consumer-media-uploads.ifood.com.br/dine-in-partner/menu/photos/647795ae-073f-4ded-ae12-8e20c9fd4bad_Ofner_Menu_Cardapio_01_1-compactado-page5.jpg"",""https://dine-in-consumer-media-uploads.ifood.com.br/dine-in-partner/menu/photos/2383b387-21d4-49d5-b2c0-43e306adada7_Ofner_Menu_Cardapio_01_1-compactado-page6.jpg"",""https://dine-in-consumer-media-uploads.ifood.com.br/dine-in-partner/menu/photos/ea29fd6b-828f-45b7-89ac-984e915935a7_Ofner_Menu_Cardapio_01_1-compactado-page7.jpg"",""https://dine-in-consumer-media-uploads.ifood.com.br/dine-in-partner/menu/photos/578d8a23-c731-4813-94f5-ccfcccfa2f78_Ofner_Menu_Cardapio_01_1-compactado-page8.jpg"",""https://dine-in-consumer-media-uploads.ifood.com.br/dine-in-partner/menu/photos/d00976ae-308e-445a-8211-8452aa2e1cec_Ofner_Menu_Cardapio_01_1-compactado-page9.jpg""]","[{""id"":""cd1d39e2-4f08-45b9-bcac-3321ed634152"",""dayOfWeek"":""SATURDAY"",""start"":""00:00"",""duration"":90,""end"":""01:30""},{""id"":""92c38c60-b9d1-4704-a1b2-89117b5118a1"",""dayOfWeek"":""FRIDAY"",""start"":""07:00"",""duration"":930,""end"":""22:30""},{""id"":""abeb3597-939f-4154-90b7-e3f8ed3f4a31"",""dayOfWeek"":""MONDAY"",""start"":""07:00"",""duration"":930,""end"":""22:30""},{""id"":""9ad59c9c-919c-41d5-ac1c-c0cf7a7dbc4d"",""dayOfWeek"":""SUNDAY"",""start"":""07:00"",""duration"":930,""end"":""22:30""},{""id"":""4fc6fe40-f5dd-45ec-bc43-30d972fce010"",""dayOfWeek"":""THURSDAY"",""start"":""07:00"",""duration"":930,""end"":""22:30""},{""id"":""92ddd616-d20a-40b9-a2b4-2de4e137e9e8"",""dayOfWeek"":""SATURDAY"",""start"":""07:00"",""duration"":1019,""end"":""23:59""},{""id"":""32c742eb-d48f-4bd8-b41e-74047f0f053e"",""dayOfWeek"":""TUESDAY"",""start"":""07:00"",""duration"":930,""end"":""22:30""},{""id"":""eda1b821-a116-44be-94e6-99361edde4c1"",""dayOfWeek"":""WEDNESDAY"",""start"":""07:00"",""duration"":930,""end"":""22:30""}]",VERY_EXPENSIVE,100,Cafeteria,"Avenida Nove de Julho, 5623 - JARDIM PAULISTA, SAO PAULO/SP - CEP: 01407200",-23.580.699,-46.678.927,TRUE,TRUE,FALSE,FALSE,FALSE,FALSE,FALSE,FALSE,FALSE,FALSE,FALSE,TRUE,FALSE,FALSE,4.4,1981,null,null,[]
3a3460b8-4970-4a11-a64d-d791ca334a71,Comer Fora,Sala Vip - Moema,SAO PAULO,Pizza,CONTA ESTRATEGICA,SALA VIP,TRUE,"De nossos fornos saem mais de sessenta sabores de pizzas (salgadas, doces e lights), todos bem elaborados, com ingredientes especialmente selecionados e combinados com a massa fina e crocante, que é padrão da casa (outras opções de massas: grossa, integral ou sem glúten).Estamos espalhados por toda a grande São Paulo há mais de 30 anos. Mais informações através do site: ww.salavippizzaria.com.br",https://static.ifood-static.com.br/image/upload/t_thumbnail/logosgde/201708200343_67e67aa5-7b05-43f5-a698-957a3886aeac.png,https://dine-in-consumer-media-uploads.ifood.com.br/dine-in-partner/brand/cover/10a3f526-1743-43b5-9bfe-4c30246faf5e_Destaque.jpg,"[""https://dine-in-consumer-media-uploads.ifood.com.br/dine-in-partner/salon/photos/4c028a81-6562-42ec-90a3-7c2bb3c00055_salao_01.jpg"",""https://dine-in-consumer-media-uploads.ifood.com.br/dine-in-partner/salon/photos/63fd6d8c-8a1a-4438-8d70-45f9ee5ea559_salao_02.jpg"",""https://dine-in-consumer-media-uploads.ifood.com.br/dine-in-partner/salon/photos/143be647-a4ad-4873-bd94-525bb900ef21_salao_03.jpg"",""https://dine-in-consumer-media-uploads.ifood.com.br/dine-in-partner/salon/photos/e810e7eb-4c85-4099-b5b7-8dd902d8871f_salao_05.jpg"",""https://dine-in-consumer-media-uploads.ifood.com.br/dine-in-partner/salon/photos/4ddea6da-1701-4483-adaa-fd257e26a7c9_salao_06.jpg"",""https://dine-in-consumer-media-uploads.ifood.com.br/dine-in-partner/salon/photos/6d066971-a15a-4236-9d5b-8ca61dfe90a4_salao_04.jpg""]",[],"[{""id"":""b718729a-705f-42df-b9c1-6b34971a4fff"",""dayOfWeek"":""SUNDAY"",""start"":""18:00"",""duration"":330,""end"":""23:30""},{""id"":""05e7cdac-761b-4634-b2e5-9779be42ddbc"",""dayOfWeek"":""SATURDAY"",""start"":""18:00"",""duration"":330,""end"":""23:30""},{""id"":""5eb6f359-5c26-4af9-849f-39e9ce60e3b3"",""dayOfWeek"":""TUESDAY"",""start"":""18:00"",""duration"":330,""end"":""23:30""},{""id"":""a349441f-a777-4507-9d5e-90bc948f4427"",""dayOfWeek"":""THURSDAY"",""start"":""18:00"",""duration"":330,""end"":""23:30""},{""id"":""6f7a5e08-726f-480a-8e4a-97cab55c45c7"",""dayOfWeek"":""FRIDAY"",""start"":""18:00"",""duration"":330,""end"":""23:30""},{""id"":""f977fbb9-4f6a-40e8-bde5-8b287aaa5bad"",""dayOfWeek"":""WEDNESDAY"",""start"":""18:00"",""duration"":330,""end"":""23:30""}]",VERY_EXPENSIVE,100,Pizza,"Avenida Indianópolis, 830 - Indianópolis, SAO PAULO/SP - CEP: 04062001",-2.360.602,-4.665.369,TRUE,TRUE,FALSE,TRUE,FALSE,FALSE,FALSE,FALSE,FALSE,FALSE,FALSE,FALSE,FALSE,FALSE,4.4,1140,null,null,"[""Momento a Dois"",""Ambiente ao Ar Livre"",""Para esquentar""]"
3fc1e7e0-6061-4204-8780-067a33c8ed6b,Comer Fora,Sushi Healthy - Delivery,SAO PAULO,Japonesa,CONTA ESTRATEGICA,SUSHI HEALTHY,TRUE,"A Atual Consciência Saudável Com a União Do Tradicional Sabor Japonês\nVariedades = Sushi, Sashimis, niguiri, Uramakis, Hossomakis, Dyos, Temakis, sobremesas\nTipos - Peixes = Salmão, Atum, Peixe Prego\nFrutos do Mar = camarão, Polvo, Lula, Kani\nIguarias = Vieira, Ovas Massagô, Ovas Ikurá\nPratos Quentes = Yakissoba, Teppan, Shimeji, Shitake, Camarão empanado, lula, Hot roll, \nPtatos Frios = Sushi\n\n",https://static.ifood-static.com.br/image/upload/t_thumbnail/logosgde/98de000e-dceb-4963-b2cd-77fe4258a0ba/202606041511_MePq_1.png,https://dine-in-consumer-media-uploads.ifood.com.br/dine-in-partner/brand/cover/4b8bf376-037c-4288-a969-16ca9d0aa1ce_foto_destaque_5_1920x1080_5_.jpg,"[""https://dine-in-consumer-media-uploads.ifood.com.br/dine-in-partner/salon/photos/0b8174a4-5d80-4d2a-b5f4-1b22f278ae86_foto_salao_redimensionada.jpg"",""https://dine-in-consumer-media-uploads.ifood.com.br/dine-in-partner/salon/photos/80661a0d-520f-4ee9-b702-9710ac2a70d6_foto_salao_2_redimensionada.jpg""]",[],"[{""id"":""6cf3f20a-356b-47a7-820c-03bb16034446"",""dayOfWeek"":""SUNDAY"",""start"":""12:00"",""duration"":630,""end"":""22:30""},{""id"":""9a2869ab-47f2-4818-ab3f-ef2a230570c5"",""dayOfWeek"":""THURSDAY"",""start"":""11:30"",""duration"":210,""end"":""15:00""},{""id"":""7f11ee5e-4d33-4107-9a2e-ad17974e7d6c"",""dayOfWeek"":""THURSDAY"",""start"":""16:00"",""duration"":390,""end"":""22:30""},{""id"":""b92eb9c4-3fb1-434f-9ec0-561210b27f73"",""dayOfWeek"":""WEDNESDAY"",""start"":""11:30"",""duration"":210,""end"":""15:00""},{""id"":""56297484-2c2d-4a08-89e1-bd34cf6fdec9"",""dayOfWeek"":""MONDAY"",""start"":""11:30"",""duration"":210,""end"":""15:00""},{""id"":""a34a2b8f-9366-4b57-af05-ecd49610312e"",""dayOfWeek"":""WEDNESDAY"",""start"":""18:00"",""duration"":270,""end"":""22:30""},{""id"":""6b501166-2339-4e6f-b772-1222939984cf"",""dayOfWeek"":""TUESDAY"",""start"":""18:00"",""duration"":270,""end"":""22:30""},{""id"":""8079f4d5-cf8c-4ed0-b725-2a3ce7d8aa11"",""dayOfWeek"":""FRIDAY"",""start"":""11:30"",""duration"":210,""end"":""15:00""},{""id"":""be91c6ea-177a-4756-8794-cdfa9fa9037e"",""dayOfWeek"":""SATURDAY"",""start"":""12:00"",""duration"":630,""end"":""22:30""},{""id"":""8f9ce344-4ba1-4b49-9b5c-9919cff36bf8"",""dayOfWeek"":""MONDAY"",""start"":""18:00"",""duration"":270,""end"":""22:30""},{""id"":""e8859d2f-f117-4d32-abf6-51ae2635756a"",""dayOfWeek"":""FRIDAY"",""start"":""16:00"",""duration"":390,""end"":""22:30""},{""id"":""61ef46cc-7c9b-439e-96cf-df815307937f"",""dayOfWeek"":""TUESDAY"",""start"":""11:30"",""duration"":210,""end"":""15:00""}]",VERY_EXPENSIVE,100,Japonesa,"Rua Gomes de Carvalho, 128 - Vila Olímpia, SAO PAULO/SP - CEP: 04547000",-23.601.542,-46.675.291,TRUE,TRUE,TRUE,TRUE,FALSE,FALSE,FALSE,FALSE,FALSE,FALSE,FALSE,FALSE,FALSE,FALSE,4.4,202,null,null,"[""Pra Curtir em Família"",""Ambiente ao Ar Livre"",""Para esquentar""]"
8cc78865-2b27-40dd-bc48-b5d75d0fa55b,Comer Fora,Votre Brasserie,SAO PAULO,Francesa,CONTA ESTRATEGICA,VOTRE BRASSERIE,TRUE,"O La Griglia é um restaurante com mania de fazer carnes na forma italiana de grelhar carnes e galetos, além de frutos do mar e massas clássicas. Localizado no Terraço Gourmet do Shopping Eldorado, a casa possui uma linda vista, perfeita para encontros especiais e experiências com pratos incríveis. burger\nchorizo ribeye galeto risoto carne churrasco grelhado peixes   comida brasileira parmegiana prato executivo cortés nobres baby beef marmitaria marmitex marmiteria burguer",https://static.ifood-static.com.br/image/upload/t_thumbnail/logosgde/c56a0672-4733-4871-b179-add5b141e26a/202605150911_DPr0_n.jpg,https://static.ifood-static.com.br/image/upload/t_thumbnail/capa/c56a0672-4733-4871-b179-add5b141e26a/202605271302_0Fnw_.jpeg,"[""https://dine-in-consumer-media-uploads.ifood.com.br/dine-in-partner/salon/photos/83a2bb5d-5374-4d15-98c9-d2ca723c093f_foto_salao_1.jpg"",""https://dine-in-consumer-media-uploads.ifood.com.br/dine-in-partner/salon/photos/fb25c2ca-20b8-4769-8d17-753ff90e458d_foto_salao_2.jpg"",""https://dine-in-consumer-media-uploads.ifood.com.br/dine-in-partner/salon/photos/aa286ba2-1097-44d5-8522-82216713dc1a_foto_salao_3.jpg"",""https://dine-in-consumer-media-uploads.ifood.com.br/dine-in-partner/salon/photos/23f11e00-108b-4c57-84b5-a906a87be4a6_foto_salao_4.jpg""]",[],"[{""id"":""8d9babd2-1d17-494d-8586-d621910dab31"",""dayOfWeek"":""THURSDAY"",""start"":""19:00"",""duration"":180,""end"":""22:00""},{""id"":""69c565e2-1570-47cd-a3d9-643dd67b440d"",""dayOfWeek"":""SATURDAY"",""start"":""19:00"",""duration"":180,""end"":""22:00""},{""id"":""72d2d1a6-e711-4c4e-8610-15e07903a382"",""dayOfWeek"":""WEDNESDAY"",""start"":""19:00"",""duration"":180,""end"":""22:00""},{""id"":""77a56e22-4f7c-409e-89d7-9c272eef5730"",""dayOfWeek"":""FRIDAY"",""start"":""19:00"",""duration"":180,""end"":""22:00""},{""id"":""b6182b21-9dd6-4a73-bae9-976d51f05c0a"",""dayOfWeek"":""FRIDAY"",""start"":""12:00"",""duration"":180,""end"":""15:00""},{""id"":""762277d0-ce67-4b0c-8675-99ba8f724fe7"",""dayOfWeek"":""THURSDAY"",""start"":""12:00"",""duration"":180,""end"":""15:00""},{""id"":""28fdffa0-a62f-4df9-9972-9f385a5d01da"",""dayOfWeek"":""SATURDAY"",""start"":""12:30"",""duration"":210,""end"":""16:00""},{""id"":""f7c82b5a-dbb8-4def-be12-5a8879bcca80"",""dayOfWeek"":""TUESDAY"",""start"":""19:00"",""duration"":180,""end"":""22:00""},{""id"":""bbd1aa75-480f-48bc-b5ea-9934b91b89b7"",""dayOfWeek"":""WEDNESDAY"",""start"":""12:00"",""duration"":180,""end"":""15:00""},{""id"":""17e0af6b-f5a6-469c-9999-29672cd26962"",""dayOfWeek"":""SUNDAY"",""start"":""12:30"",""duration"":210,""end"":""16:00""},{""id"":""9440ac25-7711-4b58-a032-97ed76479820"",""dayOfWeek"":""TUESDAY"",""start"":""12:00"",""duration"":180,""end"":""15:00""}]",VERY_EXPENSIVE,100,Francesa,"RUA NATINGUI, 1520 - VILA MADALENA, SAO PAULO/SP - CEP: 05443002",-23.559.434,-46.699.205,TRUE,TRUE,FALSE,FALSE,FALSE,FALSE,FALSE,FALSE,FALSE,FALSE,FALSE,TRUE,FALSE,FALSE,4.4,434,null,null,"[""Ambiente ao Ar Livre""]"
fec77c54-05c1-425d-a7e0-7bfdc79ff633,Comer Fora,Bar do Nico,SAO PAULO,Brasileira,CONTA ESTRATEGICA,BAR DO NICO,TRUE,"Desde 2000 o tradicional Bar do Nico localizado no bairro do Ipiranga tem o grande prazer de servir seu fiél público com o mais cremoso e gelado Chopp da região além de seus incríveis pratos, canapés e petiscos.",https://static.ifood-static.com.br/image/upload/t_thumbnail/logosgde/816667a2-95ee-46ba-bda8-4e6537cf05df/202003271315_SIfe_i.png,https://dine-in-consumer-media-uploads.ifood.com.br/dine-in-partner/brand/cover/61cdae31-64e4-465f-8d37-988f8906943e_Destaque.jpg,"[""https://dine-in-consumer-media-uploads.ifood.com.br/dine-in-partner/salon/photos/4294bf18-d407-4707-a0f3-8263e516d997_Salao_1.jpg"",""https://dine-in-consumer-media-uploads.ifood.com.br/dine-in-partner/salon/photos/7f25f077-c317-48e4-b7b8-b31c2a1d2301_Salao_02.jpg"",""https://dine-in-consumer-media-uploads.ifood.com.br/dine-in-partner/salon/photos/52f3d163-afa5-4a49-84c6-b714d559c170_Salao_3.jpg"",""https://dine-in-consumer-media-uploads.ifood.com.br/dine-in-partner/salon/photos/6ef06400-99cc-48ab-ade8-3a43fbbdaa14_Salao_4.jpg"",""https://dine-in-consumer-media-uploads.ifood.com.br/dine-in-partner/salon/photos/8441151e-838d-4ce0-bc07-571544abe8ca_Salao_5.jpg"",""https://dine-in-consumer-media-uploads.ifood.com.br/dine-in-partner/salon/photos/cecc8828-ff3d-43cc-9a9a-55c2a31a7103_Salao_6.jpg"",""https://dine-in-consumer-media-uploads.ifood.com.br/dine-in-partner/salon/photos/2a8a14d3-a96c-4c30-8031-7e79d00c3a9c_Salao_7.jpg""]",[],"[{""id"":""b318847b-9967-4cdd-94d2-81ca9be81309"",""dayOfWeek"":""FRIDAY"",""start"":""12:00"",""duration"":719,""end"":""23:59""},{""id"":""abc7988f-f49f-4a83-a62c-fab38a827ef0"",""dayOfWeek"":""THURSDAY"",""start"":""18:30"",""duration"":300,""end"":""23:30""},{""id"":""eb3fd86d-a15a-4ec9-b2e7-df822e23cce1"",""dayOfWeek"":""THURSDAY"",""start"":""12:00"",""duration"":180,""end"":""15:00""},{""id"":""ee5421bd-20c4-4657-89af-9dac46a26ccc"",""dayOfWeek"":""TUESDAY"",""start"":""18:30"",""duration"":300,""end"":""23:30""},{""id"":""7f763c17-0977-4237-8919-90b2c9601d35"",""dayOfWeek"":""WEDNESDAY"",""start"":""12:00"",""duration"":180,""end"":""15:00""},{""id"":""39bdbbf4-5b36-4986-8f22-16b49ce47c61"",""dayOfWeek"":""TUESDAY"",""start"":""12:00"",""duration"":180,""end"":""15:00""},{""id"":""e8a7c205-21b1-44da-a2ce-906c82d729cf"",""dayOfWeek"":""WEDNESDAY"",""start"":""18:30"",""duration"":300,""end"":""23:30""},{""id"":""9d403e1d-46e8-4200-8c57-e86024824857"",""dayOfWeek"":""SUNDAY"",""start"":""12:00"",""duration"":300,""end"":""17:00""},{""id"":""d5252773-7311-43b2-aed8-204f338af11e"",""dayOfWeek"":""SATURDAY"",""start"":""12:00"",""duration"":719,""end"":""23:59""}]",VERY_EXPENSIVE,100,Brasileira,"Rua Moreira e Costa, 538 - Ipiranga, SAO PAULO/SP - CEP: 04266010",-23.589.759,-46.609.184,TRUE,FALSE,FALSE,FALSE,FALSE,FALSE,FALSE,FALSE,FALSE,FALSE,TRUE,FALSE,FALSE,FALSE,4.3,2429,null,null,"[""Pra Curtir em Família"",""Ambiente ao Ar Livre""]"
8fa52d10-7765-4d96-a88c-3dbf8ab852b5,Comer Fora,Ofner - Perdizes,SAO PAULO,Cafeteria,CONTA ESTRATEGICA,OFNER - CONTA PAI,TRUE,"Tem sempre um motivo para pedir Ofner. Seja para adoçar o dia, fazer uma refeição leve, celebrar uma data especial ou surpreender alguém com um presente, escolha seus favoritos e receba em casa produtos preparados com ingredientes selecionados, cuidado e qualidade em cada detalhe.",https://static.ifood-static.com.br/image/upload/t_thumbnail/logosgde/cb5373ea-a699-4bbe-a3ed-5372627f4a46/202607081342_mj6e_7.jpg,https://dine-in-consumer-media-uploads.ifood.com.br/dine-in-partner/brand/cover/795f611a-84c8-44ab-9c03-b823c14be529_foto_destaque_1920x1080_12_.jpg,"[""https://dine-in-consumer-media-uploads.ifood.com.br/dine-in-partner/salon/photos/c625d4be-7a03-4a6c-b331-cc3059ea92be_resized_image_3_.jpg"",""https://dine-in-consumer-media-uploads.ifood.com.br/dine-in-partner/salon/photos/1e381fdf-08b9-4b87-91cf-a5255e6a88a5_resized_image_4_.jpg""]",[],"[{""id"":""1bdaddf8-1065-4c3f-8f1f-eb659d5911f9"",""dayOfWeek"":""SUNDAY"",""start"":""07:00"",""duration"":870,""end"":""21:30""},{""id"":""49309421-9cc7-4e33-a007-bca13b3bba53"",""dayOfWeek"":""TUESDAY"",""start"":""07:00"",""duration"":870,""end"":""21:30""},{""id"":""6f5ecc33-dfd3-4785-9cd2-d7e610c52a49"",""dayOfWeek"":""FRIDAY"",""start"":""07:00"",""duration"":870,""end"":""21:30""},{""id"":""c480ab41-d572-47f9-8517-18d576e6ef35"",""dayOfWeek"":""SATURDAY"",""start"":""07:00"",""duration"":870,""end"":""21:30""},{""id"":""ec8cd054-89cd-4533-9eaa-77f509b1095b"",""dayOfWeek"":""THURSDAY"",""start"":""07:00"",""duration"":870,""end"":""21:30""},{""id"":""210bdc07-1de4-4e77-bbec-8964c4229a61"",""dayOfWeek"":""MONDAY"",""start"":""07:00"",""duration"":870,""end"":""21:30""},{""id"":""d05eee2e-d625-4ad0-890d-b4ada44d0f32"",""dayOfWeek"":""WEDNESDAY"",""start"":""07:00"",""duration"":870,""end"":""21:30""}]",VERY_EXPENSIVE,100,Cafeteria,"Rua Caiubí, 215 - Perdizes, SAO PAULO/SP - CEP: 05010000",-23.541.388,-4.667.062,TRUE,TRUE,FALSE,FALSE,FALSE,FALSE,FALSE,FALSE,FALSE,FALSE,FALSE,TRUE,FALSE,FALSE,4.3,1684,null,null,[]
1ebb2e1f-776f-4cd3-a34e-9919059df8ca,Comer Fora,Ofner - Pinheiros,SAO PAULO,Cafeteria,CONTA ESTRATEGICA,OFNER - CONTA PAI,TRUE,"Tem sempre um motivo para pedir Ofner. Seja para adoçar o dia, fazer uma refeição leve, celebrar uma data especial ou surpreender alguém com um presente, escolha seus favoritos e receba em casa produtos preparados com ingredientes selecionados, cuidado e qualidade em cada detalhe.",https://static.ifood-static.com.br/image/upload/t_thumbnail/logosgde/4ac967a8-6960-498d-877c-2abebd508c45/202607081343_ArIC_7.jpg,https://dine-in-consumer-media-uploads.ifood.com.br/dine-in-partner/brand/cover/4dc25d90-1098-4992-ab92-92506ca9fe07_foto_destaque_1920x1080_12_.jpg,"[""https://dine-in-consumer-media-uploads.ifood.com.br/dine-in-partner/salon/photos/b76a6441-74e2-4ad6-b9fe-fddc24d208e8_foto_salao_15_1080x1620_3_.jpg"",""https://dine-in-consumer-media-uploads.ifood.com.br/dine-in-partner/salon/photos/e8034209-7a44-43a5-a8c4-ce82897a768c_foto_salao_16_1080x1620_2_.jpg""]","[""https://dine-in-consumer-media-uploads.ifood.com.br/dine-in-partner/menu/photos/465f7a29-d5d8-467f-bf4c-8cab3dd65d73_Ofner_Menu_Cardapio_01_1-compactado-page1.jpg"",""https://dine-in-consumer-media-uploads.ifood.com.br/dine-in-partner/menu/photos/79ee85a0-8026-4087-b4f4-79d7050172d9_Ofner_Menu_Cardapio_01_1-compactado-page2.jpg"",""https://dine-in-consumer-media-uploads.ifood.com.br/dine-in-partner/menu/photos/a95dcfe2-e26c-4ba1-b246-4ec3a60f439d_Ofner_Menu_Cardapio_01_1-compactado-page3.jpg"",""https://dine-in-consumer-media-uploads.ifood.com.br/dine-in-partner/menu/photos/e7521b86-5111-489b-960f-ad2d96d936c2_Ofner_Menu_Cardapio_01_1-compactado-page4.jpg"",""https://dine-in-consumer-media-uploads.ifood.com.br/dine-in-partner/menu/photos/80b05250-9cde-484d-8af4-e5c06e7b2a87_Ofner_Menu_Cardapio_01_1-compactado-page5.jpg"",""https://dine-in-consumer-media-uploads.ifood.com.br/dine-in-partner/menu/photos/d2f83a38-8afe-46e4-a791-0edee079f2b8_Ofner_Menu_Cardapio_01_1-compactado-page6.jpg"",""https://dine-in-consumer-media-uploads.ifood.com.br/dine-in-partner/menu/photos/9b6b4b88-ebd2-4523-aac3-f902792665fe_Ofner_Menu_Cardapio_01_1-compactado-page7.jpg"",""https://dine-in-consumer-media-uploads.ifood.com.br/dine-in-partner/menu/photos/f128059b-b950-4498-9cd5-8c0747be37a9_Ofner_Menu_Cardapio_01_1-compactado-page8.jpg"",""https://dine-in-consumer-media-uploads.ifood.com.br/dine-in-partner/menu/photos/173798c3-4867-43be-9dff-f26936a32a99_Ofner_Menu_Cardapio_01_1-compactado-page9.jpg""]","[{""id"":""bc8a398e-9067-4ebf-986c-133b5f5a2147"",""dayOfWeek"":""SATURDAY"",""start"":""07:00"",""duration"":930,""end"":""22:30""},{""id"":""d4494cd0-e16d-4bb1-bd1b-946faa81cd3e"",""dayOfWeek"":""SUNDAY"",""start"":""07:00"",""duration"":885,""end"":""21:45""},{""id"":""06e2647b-32cb-4afa-ac83-a9c30a71d98d"",""dayOfWeek"":""WEDNESDAY"",""start"":""07:00"",""duration"":870,""end"":""21:30""},{""id"":""495cbb79-60b3-40f9-9a61-88767b0f1271"",""dayOfWeek"":""THURSDAY"",""start"":""07:00"",""duration"":870,""end"":""21:30""},{""id"":""c2b00668-1119-4c91-84df-74098884e381"",""dayOfWeek"":""FRIDAY"",""start"":""07:00"",""duration"":930,""end"":""22:30""},{""id"":""4aaca196-628c-4f2a-9a28-fd51b319cf48"",""dayOfWeek"":""MONDAY"",""start"":""07:00"",""duration"":870,""end"":""21:30""},{""id"":""a4554843-c5e4-421e-b819-2c873a44f1ce"",""dayOfWeek"":""TUESDAY"",""start"":""07:00"",""duration"":870,""end"":""21:30""}]",VERY_EXPENSIVE,100,Cafeteria,"Rua dos Coropés, 23 - PINHEIROS, SAO PAULO/SP - CEP: 05426010",-2.356.138,-46.693.824,TRUE,TRUE,TRUE,FALSE,FALSE,FALSE,FALSE,FALSE,FALSE,TRUE,FALSE,FALSE,FALSE,FALSE,4.3,1930,null,null,"[""Pra Curtir em Família"",""Tomar um Café"",""Adoçar o Dia"",""Ambiente ao Ar Livre""]"
684f1182-d98d-4dc1-84c1-3eda7a69207a,Comer Fora,Ofner-Moema,SAO PAULO,Cafeteria,CONTA ESTRATEGICA,OFNER - CONTA PAI,TRUE,"Tem sempre um motivo para pedir Ofner. Seja para adoçar o dia, fazer uma refeição leve, celebrar uma data especial ou surpreender alguém com um presente, escolha seus favoritos e receba em casa produtos preparados com ingredientes selecionados, cuidado e qualidade em cada detalhe.",https://static.ifood-static.com.br/image/upload/t_thumbnail/logosgde/2745263f-2d05-4d2b-8573-bb23a8706cc6/202607071910_nzSg_7.jpg,https://dine-in-consumer-media-uploads.ifood.com.br/dine-in-partner/brand/cover/fdfb07d0-669d-48d0-81e7-4bf10c274f51_foto_destaque_1920x1080_12_.jpg,"[""https://dine-in-consumer-media-uploads.ifood.com.br/dine-in-partner/salon/photos/aa3f097b-2682-4c6f-b17c-a58c1bbe990b_resized_image_18_.jpg"",""https://dine-in-consumer-media-uploads.ifood.com.br/dine-in-partner/salon/photos/0fdc0e93-a281-4afd-aa78-87506d47f776_resized_image_17_.jpg""]","[""https://dine-in-consumer-media-uploads.ifood.com.br/dine-in-partner/menu/photos/ff605589-68a2-493a-b842-c3d614c9e3b6_Ofner_Menu_Cardapio_01_1-compactado-page1.jpg"",""https://dine-in-consumer-media-uploads.ifood.com.br/dine-in-partner/menu/photos/4ae17083-a1e3-4036-8270-57b99c9c0869_Ofner_Menu_Cardapio_01_1-compactado-page2.jpg"",""https://dine-in-consumer-media-uploads.ifood.com.br/dine-in-partner/menu/photos/77dd4c2f-7ed2-471c-975a-1e28f1c924fe_Ofner_Menu_Cardapio_01_1-compactado-page3.jpg"",""https://dine-in-consumer-media-uploads.ifood.com.br/dine-in-partner/menu/photos/442c28f5-05f5-4b1d-bf5f-5592750c7471_Ofner_Menu_Cardapio_01_1-compactado-page4.jpg"",""https://dine-in-consumer-media-uploads.ifood.com.br/dine-in-partner/menu/photos/f7410131-c6fe-441c-bf44-b700f34de3c9_Ofner_Menu_Cardapio_01_1-compactado-page5.jpg"",""https://dine-in-consumer-media-uploads.ifood.com.br/dine-in-partner/menu/photos/265050c4-d6b2-484a-8648-216f34b93d8a_Ofner_Menu_Cardapio_01_1-compactado-page6.jpg"",""https://dine-in-consumer-media-uploads.ifood.com.br/dine-in-partner/menu/photos/f9fe164c-43e9-4ba8-848d-c88b6119f962_Ofner_Menu_Cardapio_01_1-compactado-page7.jpg"",""https://dine-in-consumer-media-uploads.ifood.com.br/dine-in-partner/menu/photos/f7473d3b-e465-43a8-8df8-5b8aabdb5ccd_Ofner_Menu_Cardapio_01_1-compactado-page8.jpg"",""https://dine-in-consumer-media-uploads.ifood.com.br/dine-in-partner/menu/photos/407c2721-002c-40b5-902c-aa9092a5e8c0_Ofner_Menu_Cardapio_01_1-compactado-page9.jpg""]","[{""id"":""654b3824-213c-44ed-87d8-55048f1a6a09"",""dayOfWeek"":""THURSDAY"",""start"":""07:00"",""duration"":930,""end"":""22:30""},{""id"":""95d767fc-3dd2-4d0f-977c-220538c29f51"",""dayOfWeek"":""MONDAY"",""start"":""07:00"",""duration"":930,""end"":""22:30""},{""id"":""174cefd1-2fde-494e-8f39-fdf96f3cbd0d"",""dayOfWeek"":""FRIDAY"",""start"":""07:00"",""duration"":1019,""end"":""23:59""},{""id"":""f61b484f-2b3f-4b9d-88f0-7a2ea2744c76"",""dayOfWeek"":""SATURDAY"",""start"":""07:00"",""duration"":1019,""end"":""23:59""},{""id"":""1d08063c-80f7-438a-96dd-94fe47ecb148"",""dayOfWeek"":""SUNDAY"",""start"":""00:00"",""duration"":90,""end"":""01:30""},{""id"":""7a72a463-7a79-4132-9e4b-67c38bc4d453"",""dayOfWeek"":""SUNDAY"",""start"":""07:00"",""duration"":930,""end"":""22:30""},{""id"":""269ed35d-8701-47ce-b473-4794cc7a5a1c"",""dayOfWeek"":""WEDNESDAY"",""start"":""07:00"",""duration"":930,""end"":""22:30""},{""id"":""04c638fa-3a19-4edb-80a3-e925a51c6f17"",""dayOfWeek"":""TUESDAY"",""start"":""07:00"",""duration"":930,""end"":""22:30""}]",VERY_EXPENSIVE,100,Cafeteria,"Av. Ibirapuera, 2033 - INDIANOPOLIS, SAO PAULO/SP - CEP: 04029100",-2.360.269,-46.660.764,TRUE,TRUE,TRUE,FALSE,FALSE,FALSE,FALSE,FALSE,FALSE,TRUE,FALSE,TRUE,FALSE,FALSE,4.3,4023,null,null,"[""Adoçar o Dia"",""Ambiente ao Ar Livre""]"
862a3318-c667-4869-a468-d8b205c9b9ad,Reservas (Get In),Ninetto Nino - Morumbi,SAO PAULO,Italiana,KEY ACCOUNT,NINETTO,FALSE,"Cozinha italiana e vinho - da nonna para a sua casa! Os seus favoritos você encontra aqui: pasta, macarrão, massa, carbonara, parmegiana, lasanha, lasagna, parmesão, risoto, pesto, pomodoro, penne, burrata, molho branco, molho vermelho, molho bolonhesa, espaguete, spaguetti, rigatoni, tiramisu, polpetone, polpettone, bolonhese, nhoque, gnocchi, azeite, pene, ravioli, fettutine, pizza. Grupo Nino",https://dine-in-consumer-media-uploads.ifood.com.br/ifood-salao/dine-in-reservations/getin/3P42nG6n/61c417e2-2625-4d96-a001-7d70e484e4af_logo.png,https://dine-in-consumer-media-uploads.ifood.com.br/ifood-salao/dine-in-reservations/getin/3P42nG6n/34ed4c89-ade3-4e3e-97a2-f4a7efbd7e0f_featured.png,"[""https://dine-in-consumer-media-uploads.ifood.com.br/ifood-salao/dine-in-reservations/getin/3P42nG6n/81f9dc85-b3a6-48ae-8074-ae7401ba90bc_foto_1.jpg"",""https://dine-in-consumer-media-uploads.ifood.com.br/ifood-salao/dine-in-reservations/getin/3P42nG6n/1b5b760e-a160-4b6d-b17c-252b02150510_foto_2.jpg"",""https://dine-in-consumer-media-uploads.ifood.com.br/ifood-salao/dine-in-reservations/getin/3P42nG6n/ebba270e-a861-48d6-b7c9-c1bc0a19a711_foto_3.jpg"",""https://dine-in-consumer-media-uploads.ifood.com.br/ifood-salao/dine-in-reservations/getin/3P42nG6n/0e5c257c-bb86-4eec-970b-5b2b6ae75e08_foto_4.jpg"",""https://dine-in-consumer-media-uploads.ifood.com.br/ifood-salao/dine-in-reservations/getin/3P42nG6n/4ba05169-ad7d-4c1a-ad88-fb154dba7e72_foto_5.jpg"",""https://dine-in-consumer-media-uploads.ifood.com.br/ifood-salao/dine-in-reservations/getin/3P42nG6n/259435a9-9713-43fb-b2e4-aae64113d468_foto_6.jpg"",""https://dine-in-consumer-media-uploads.ifood.com.br/ifood-salao/dine-in-reservations/getin/3P42nG6n/2adb1708-7b1e-4311-bfea-c6dad594d331_foto_7.jpg"",""https://dine-in-consumer-media-uploads.ifood.com.br/ifood-salao/dine-in-reservations/getin/3P42nG6n/09211185-04ed-49ce-9e6b-ef134cff5cef_foto_8.jpg"",""https://dine-in-consumer-media-uploads.ifood.com.br/ifood-salao/dine-in-reservations/getin/3P42nG6n/911f8eac-d95a-4fbd-85d3-d106778701f7_foto_9.jpg"",""https://dine-in-consumer-media-uploads.ifood.com.br/ifood-salao/dine-in-reservations/getin/3P42nG6n/5e2cfb6d-fb22-4cef-8570-a1069a3a8835_foto_10.jpg""]",[],"[{""id"":""3ce35325-b009-4ff6-a9ec-e1f4af813cf7"",""dayOfWeek"":""TUESDAY"",""start"":""11:30"",""duration"":210,""end"":""15:00""},{""id"":""eb494313-5249-45a6-80ac-82f485a87624"",""dayOfWeek"":""WEDNESDAY"",""start"":""18:00"",""duration"":240,""end"":""22:00""},{""id"":""443e74ea-08ae-46ff-b0d5-0ab810d95db0"",""dayOfWeek"":""WEDNESDAY"",""start"":""11:30"",""duration"":210,""end"":""15:00""},{""id"":""5efc93b7-a40a-4f7b-99cb-a12b426c5b6c"",""dayOfWeek"":""THURSDAY"",""start"":""18:00"",""duration"":240,""end"":""22:00""},{""id"":""03244ea5-c4db-419f-a933-70f500a8b3ba"",""dayOfWeek"":""THURSDAY"",""start"":""11:30"",""duration"":210,""end"":""15:00""},{""id"":""457a9bbc-258d-4c51-af85-da6a3ec91d17"",""dayOfWeek"":""TUESDAY"",""start"":""18:00"",""duration"":240,""end"":""22:00""},{""id"":""d59845cb-35b6-49a0-9be3-ef5f0368ce56"",""dayOfWeek"":""MONDAY"",""start"":""11:30"",""duration"":210,""end"":""15:00""},{""id"":""b330681e-3e4a-4860-892f-624a3f2eeb39"",""dayOfWeek"":""SUNDAY"",""start"":""12:00"",""duration"":540,""end"":""21:00""},{""id"":""15f42204-44af-4c22-b2d5-0544fe5a3fbf"",""dayOfWeek"":""FRIDAY"",""start"":""11:30"",""duration"":210,""end"":""15:00""},{""id"":""b45a408c-0ba8-407a-91e7-ca361f2c1d46"",""dayOfWeek"":""MONDAY"",""start"":""18:00"",""duration"":240,""end"":""22:00""},{""id"":""7f32d8ea-9947-471a-8db8-d948fbafb0cb"",""dayOfWeek"":""SATURDAY"",""start"":""12:00"",""duration"":660,""end"":""23:00""},{""id"":""c7ad98ec-7058-434a-9ca2-6d7cbaf90869"",""dayOfWeek"":""FRIDAY"",""start"":""18:00"",""duration"":240,""end"":""22:00""}]",VERY_EXPENSIVE,100,Italiana,"Avenida Roque Petroni Júnior, 1089 - Jardim das Acácias, SAO PAULO/SP - CEP: 04707000",-23.623.519,-46.698.909,FALSE,TRUE,FALSE,TRUE,TRUE,FALSE,FALSE,FALSE,FALSE,FALSE,FALSE,FALSE,FALSE,FALSE,4.9,2780,null,null,[]
04ee5832-13b4-4bcc-9814-0d6fe728d9e0,Reservas (Get In),Adega Coco Bambu - Anália Franco,SAO PAULO,Mercado,KEY ACCOUNT,ADEGA COCO BAMBU,FALSE,"A adega do Coco Bambu conta com centenas de rótulos de todos os continentes e alguns dos vinhos mais conceituados do mundo, além de rótulos próprios, Coco Bambu e Vasto, Tinto, Branco e Rosé, a preços acessíveis todos os dias. Dentre os nossos destaques, estão o português Coco Bambu Reserva e o italiano Vasto Montepulciano, ambos tintos e recomendações especiais da casa. Momentos inesquecíveis harmonizam com os vinhos da adega Coco Bambu.",https://dine-in-consumer-media-uploads.ifood.com.br/ifood-salao/dine-in-reservations/tagme/58a6224ea3770501e049318c/76031c42-699b-4956-aa61-300adf69de76_logo.jpg,https://dine-in-consumer-media-uploads.ifood.com.br/ifood-salao/dine-in-reservations/tagme/58a6224ea3770501e049318c/2a95bf2e-ef27-4305-88b7-cdd2fbc07ba9_featured.jpg,"[""https://dine-in-consumer-media-uploads.ifood.com.br/ifood-salao/dine-in-reservations/tagme/58a6224ea3770501e049318c/6e3807a4-3414-4296-8586-173166ac1c90_foto_1.jpg"",""https://dine-in-consumer-media-uploads.ifood.com.br/ifood-salao/dine-in-reservations/tagme/58a6224ea3770501e049318c/e1e4f4fc-05be-4aa4-9966-8b3811a425f2_foto_2.jpg"",""https://dine-in-consumer-media-uploads.ifood.com.br/ifood-salao/dine-in-reservations/tagme/58a6224ea3770501e049318c/202f52aa-c445-4bf6-89d6-99bb45392b2d_foto_3.jpg""]",[],"[{""id"":""88740c5e-29f1-4cf5-8758-bc4d8857eaeb"",""dayOfWeek"":""THURSDAY"",""start"":""18:30"",""duration"":329,""end"":""23:59""},{""id"":""663a953a-cf7b-45d2-be1e-0d68e0e4e90a"",""dayOfWeek"":""TUESDAY"",""start"":""11:30"",""duration"":210,""end"":""15:00""},{""id"":""c1c45a5b-6b00-4326-b329-4e55ea1cfd96"",""dayOfWeek"":""MONDAY"",""start"":""11:30"",""duration"":749,""end"":""23:59""},{""id"":""6706d32c-1009-47f4-aef5-db8376c99f0a"",""dayOfWeek"":""SUNDAY"",""start"":""11:30"",""duration"":749,""end"":""23:59""},{""id"":""0ac3584f-f7d4-4c23-83ea-8fc77aca0f7c"",""dayOfWeek"":""WEDNESDAY"",""start"":""11:30"",""duration"":210,""end"":""15:00""},{""id"":""73b21977-1041-4d1d-aecc-81b4100bb01f"",""dayOfWeek"":""FRIDAY"",""start"":""11:30"",""duration"":210,""end"":""15:00""},{""id"":""1929349d-84a6-499d-b4f2-98fe033ef1ec"",""dayOfWeek"":""WEDNESDAY"",""start"":""18:30"",""duration"":329,""end"":""23:59""},{""id"":""e503c08e-2ea4-493d-b2e2-aa6011ca57c0"",""dayOfWeek"":""TUESDAY"",""start"":""18:30"",""duration"":329,""end"":""23:59""},{""id"":""a9266dd5-82ba-4dfe-b20b-d395c8b1ec13"",""dayOfWeek"":""SATURDAY"",""start"":""11:30"",""duration"":749,""end"":""23:59""},{""id"":""6cc82518-9b09-4924-8ea3-eef1041f8440"",""dayOfWeek"":""FRIDAY"",""start"":""18:30"",""duration"":329,""end"":""23:59""},{""id"":""59314472-652b-4706-87f3-8c4e38fc77ac"",""dayOfWeek"":""THURSDAY"",""start"":""11:30"",""duration"":210,""end"":""15:00""}]",VERY_EXPENSIVE,100,Mercado,"Rua Azevedo Soares, 2150 - Jardim Analia Franco, SAO PAULO/SP - CEP: 03322002",-23.547.252,-46.555.914,TRUE,TRUE,FALSE,TRUE,TRUE,FALSE,TRUE,FALSE,FALSE,FALSE,FALSE,FALSE,TRUE,FALSE,4.8,38150,null,null,"[""Momento a Dois"",""Ambiente ao Ar Livre"",""Para esquentar""]"
3e381d8b-b617-40c0-b0a1-23e9d9beffcd,Reservas (Get In),Boa Praça - Morumbi,SAO PAULO,Brasileira,KEY ACCOUNT,BOA PRACA,FALSE,"Carioca e grande apreciador das tradicionais galeterias da cidade, o chef Artagão assina o cardápio do Boa Praça, trazendo releituras e variações  da culinária brasileira feijoada, feijuca parmegiana, almoço executivo, frango, strogonoff, sanduiches, batata frita, burger, compartilhar, costela, picadinho, pernil, sanduba, hamburger, pastel, pasteis, mignon, petiscos,\n",https://static.ifood-static.com.br/image/upload/t_thumbnail/logosgde/f9d2a0a1-6400-4ff2-b579-fb84c82f5af2/202507211705_oqMA_b.jpg,https://static.ifood-static.com.br/image/upload/t_thumbnail/capa/f9d2a0a1-6400-4ff2-b579-fb84c82f5af2/202507211705_d2z0_b.jpg,"[""https://dine-in-consumer-media-uploads.ifood.com.br/dine-in-partner/salon/photos/4c6cdd1b-3a3f-471c-9c06-a45fb6ea8e69_Design_sem_nome_73_.jpg"",""https://dine-in-consumer-media-uploads.ifood.com.br/dine-in-partner/salon/photos/6c063761-9bad-42e6-a0cb-1f6420f1bd33_Design_sem_nome_72_.jpg""]",[],"[{""id"":""bdfcd022-93aa-43aa-909b-2e8d50f59cae"",""dayOfWeek"":""FRIDAY"",""start"":""11:00"",""duration"":240,""end"":""15:00""},{""id"":""3a6df0c2-7b4c-451a-b944-400bd542822e"",""dayOfWeek"":""SATURDAY"",""start"":""18:00"",""duration"":300,""end"":""23:00""},{""id"":""9306fdfe-a985-4532-b13c-9af545b3abc0"",""dayOfWeek"":""THURSDAY"",""start"":""11:00"",""duration"":240,""end"":""15:00""},{""id"":""50c4eed7-a405-4d83-9434-b74a14fc403e"",""dayOfWeek"":""MONDAY"",""start"":""18:00"",""duration"":300,""end"":""23:00""},{""id"":""0399ee67-217b-43b1-8660-7fd4401fd6e5"",""dayOfWeek"":""MONDAY"",""start"":""11:00"",""duration"":240,""end"":""15:00""},{""id"":""6130ab23-ff42-4e7e-82fb-9d59e3ccca87"",""dayOfWeek"":""TUESDAY"",""start"":""11:00"",""duration"":240,""end"":""15:00""},{""id"":""bb3c11f5-0b7a-41c3-a968-045eb49b0d35"",""dayOfWeek"":""FRIDAY"",""start"":""18:00"",""duration"":300,""end"":""23:00""},{""id"":""d39d0548-0532-46d3-be9e-d1a5f51768a1"",""dayOfWeek"":""TUESDAY"",""start"":""18:00"",""duration"":300,""end"":""23:00""},{""id"":""e5efe990-7c0a-4c0a-947f-9a8428cd627f"",""dayOfWeek"":""SATURDAY"",""start"":""11:00"",""duration"":240,""end"":""15:00""},{""id"":""46e79123-d9e4-4cd3-b098-a5e0f7311be9"",""dayOfWeek"":""WEDNESDAY"",""start"":""18:00"",""duration"":300,""end"":""23:00""},{""id"":""9c89903e-c1f0-4692-8495-2b8073ec47e5"",""dayOfWeek"":""THURSDAY"",""start"":""18:00"",""duration"":300,""end"":""23:00""},{""id"":""59b08007-3bcf-466b-a9fb-a7d28f6061b2"",""dayOfWeek"":""WEDNESDAY"",""start"":""11:00"",""duration"":240,""end"":""15:00""}]",VERY_EXPENSIVE,100,Brasileira,"Rua Doutor José Áureo Bustamante, 237 - Santo Amaro, SAO PAULO/SP - CEP: 04710090",-2.362.672,-46.696.841,FALSE,FALSE,TRUE,FALSE,FALSE,FALSE,FALSE,FALSE,FALSE,FALSE,FALSE,FALSE,FALSE,FALSE,4.8,4544,null,null,[]
328b98fd-4664-4eb4-b18a-db829c1183bf,Reservas (Get In),Peppino Cantina - Itaim,SAO PAULO,Italiana,KEY ACCOUNT,RESTAURANTES ALIFE,FALSE,"Cozinha italiana e vinho - da nossa cantina para a sua casa! Os seus favoritos você encontra aqui: pasta, macarrão, massa, carbonara, parmegiana, lasanha, lasagna, parmesão, risoto, pesto, pomodoro, penne, burrata, molho branco, molho vermelho, molho bolonhesa, espaguete, spaguetti, rigatoni, tiramisu, polpetone, polpettone, bolonhese, nhoque, gnocchi, azeite, pene, ravioli, fettutine, cavatelli",https://dine-in-consumer-media-uploads.ifood.com.br/ifood-salao/dine-in-reservations/getin/3P4R4X6n/f58d8026-4338-4bcb-ae88-47864867933f_logo.jpg,https://dine-in-consumer-media-uploads.ifood.com.br/ifood-salao/dine-in-reservations/getin/3P4R4X6n/6bf67eb6-22f1-48b3-9ae2-a50859f662e2_featured.png,"[""https://dine-in-consumer-media-uploads.ifood.com.br/ifood-salao/dine-in-reservations/getin/3P4R4X6n/7bf574ee-c7a3-4c19-8bc0-278123eb0db1_foto_1.jpg"",""https://dine-in-consumer-media-uploads.ifood.com.br/ifood-salao/dine-in-reservations/getin/3P4R4X6n/dc95dfde-a8cc-43ff-9e43-7a1191597e16_foto_2.jpg"",""https://dine-in-consumer-media-uploads.ifood.com.br/ifood-salao/dine-in-reservations/getin/3P4R4X6n/91d74510-243d-4e93-9b0d-03a095a9882c_foto_3.jpg"",""https://dine-in-consumer-media-uploads.ifood.com.br/ifood-salao/dine-in-reservations/getin/3P4R4X6n/4e906006-0480-4f81-bc9b-b607638275e3_foto_4.jpg"",""https://dine-in-consumer-media-uploads.ifood.com.br/ifood-salao/dine-in-reservations/getin/3P4R4X6n/c754dbfe-a64f-4e90-b77f-048af8ccaaed_foto_5.jpg"",""https://dine-in-consumer-media-uploads.ifood.com.br/ifood-salao/dine-in-reservations/getin/3P4R4X6n/67cc6983-4625-4140-aaea-61a268d51921_foto_6.jpg"",""https://dine-in-consumer-media-uploads.ifood.com.br/ifood-salao/dine-in-reservations/getin/3P4R4X6n/0c7dcc3c-5c55-4195-9c3b-8fa2de66bc1a_foto_7.jpg"",""https://dine-in-consumer-media-uploads.ifood.com.br/ifood-salao/dine-in-reservations/getin/3P4R4X6n/be703731-eac4-4122-bafd-934fead83c5f_foto_8.jpg"",""https://dine-in-consumer-media-uploads.ifood.com.br/ifood-salao/dine-in-reservations/getin/3P4R4X6n/0f227d1b-21bd-4298-b650-3d9d8a3927e4_foto_9.jpg"",""https://dine-in-consumer-media-uploads.ifood.com.br/ifood-salao/dine-in-reservations/getin/3P4R4X6n/137ada8c-d7a7-4061-a48b-5b29a3ad5e80_foto_10.jpg""]",[],"[{""id"":""97c1e4fc-8713-4c41-8e4b-d92cb12b5c7f"",""dayOfWeek"":""MONDAY"",""start"":""11:30"",""duration"":210,""end"":""15:00""},{""id"":""4e3288a1-f39e-4274-86f8-f2433a4c4b25"",""dayOfWeek"":""SATURDAY"",""start"":""12:00"",""duration"":719,""end"":""23:59""},{""id"":""56b87865-d766-4868-903b-ed28e300c6a1"",""dayOfWeek"":""SUNDAY"",""start"":""12:00"",""duration"":600,""end"":""22:00""},{""id"":""c2662dfa-0ea5-44ff-a787-d522910eeadc"",""dayOfWeek"":""THURSDAY"",""start"":""11:30"",""duration"":210,""end"":""15:00""},{""id"":""ab89064c-5ee2-4edf-bd3a-71a2e33bee9d"",""dayOfWeek"":""MONDAY"",""start"":""19:00"",""duration"":299,""end"":""23:59""},{""id"":""c0625598-03b1-46cd-8bca-efcd08d2790b"",""dayOfWeek"":""FRIDAY"",""start"":""19:00"",""duration"":299,""end"":""23:59""},{""id"":""27642a35-475f-4e7f-afb4-ec44eb68977a"",""dayOfWeek"":""THURSDAY"",""start"":""19:00"",""duration"":299,""end"":""23:59""},{""id"":""7add2d96-aec4-4cbb-a0b5-fb499d6685ca"",""dayOfWeek"":""TUESDAY"",""start"":""19:00"",""duration"":299,""end"":""23:59""},{""id"":""a3320e12-648b-4cdf-a4a1-6c3541f9d721"",""dayOfWeek"":""TUESDAY"",""start"":""11:30"",""duration"":210,""end"":""15:00""},{""id"":""90b96c99-03aa-4c16-94cf-d1b253286bbd"",""dayOfWeek"":""WEDNESDAY"",""start"":""11:30"",""duration"":210,""end"":""15:00""},{""id"":""1d726b3c-08dd-4658-a958-9da856be4b7a"",""dayOfWeek"":""WEDNESDAY"",""start"":""19:00"",""duration"":299,""end"":""23:59""},{""id"":""7d657889-8bb7-4700-a1de-8f10e14b1ab6"",""dayOfWeek"":""FRIDAY"",""start"":""11:30"",""duration"":330,""end"":""17:00""}]",VERY_EXPENSIVE,100,Italiana,"Rua João Cachoeira, 175 - Vila Nova Conceição, SAO PAULO/SP - CEP: 04535011",-23.581.668,-46.678.611,TRUE,TRUE,FALSE,TRUE,FALSE,FALSE,FALSE,TRUE,TRUE,TRUE,TRUE,FALSE,TRUE,FALSE,4.8,2615,null,null,"[""Momento a Dois"",""Copa do Mundo"",""Ambiente ao Ar Livre""]"
a95f9d53-2907-4d87-beac-eae6ce357cd9,Reservas (Get In),Tatu Bola - Zona Norte,SAO PAULO,Brasileira,KEY ACCOUNT,TATU BOLA,FALSE,"O Tatu Bola é pura celebração à brasilidade: clima animado, comida de boteco e cerveja gelada. \nCulinária brasileira segue informações do  cardápio: feijoada, feijuca parmegiana, almoço executivo, frango grelhado,  strogonoff, batata frita, sanduiches, picadinho, burger, compartilhar, costela, porco, pernil, sanduba, pizza, hamburger, pastel, pasteis, mignon, petiscos, linguiça.",https://static.ifood-static.com.br/image/upload/t_thumbnail/logosgde/64a413e4-80a4-4e02-acf0-67a8736275ac/202508071737_qVrK_c.png,https://dine-in-consumer-media-uploads.ifood.com.br/dine-in-partner/brand/cover/168ed417-3904-42b4-b241-9c6990197d94_Destaque.jpg,"[""https://dine-in-consumer-media-uploads.ifood.com.br/dine-in-partner/salon/photos/02a9ce6f-62f3-4869-9386-b9222ceba617_s1.jpg"",""https://dine-in-consumer-media-uploads.ifood.com.br/dine-in-partner/salon/photos/eeff2d44-b2f5-44b7-aefa-17c623bc2211_s6.jpg"",""https://dine-in-consumer-media-uploads.ifood.com.br/dine-in-partner/salon/photos/b4691ea6-f51c-4c87-933a-598880590483_s2.jpg"",""https://dine-in-consumer-media-uploads.ifood.com.br/dine-in-partner/salon/photos/608baef7-00f6-4740-a1b2-5506b6a7060b_s3.jpg"",""https://dine-in-consumer-media-uploads.ifood.com.br/dine-in-partner/salon/photos/152fb9a0-f2ba-4a88-afe9-f3a2227c638a_s4.jpg"",""https://dine-in-consumer-media-uploads.ifood.com.br/dine-in-partner/salon/photos/7be8a944-dd94-404f-8795-82f48e3c3b12_s5.jpg"",""https://dine-in-consumer-media-uploads.ifood.com.br/dine-in-partner/salon/photos/4a4e804a-9105-4705-84d6-0d9b42f94b37_s7.jpg"",""https://dine-in-consumer-media-uploads.ifood.com.br/dine-in-partner/salon/photos/f468e42b-4b5d-4beb-a2a5-ecaba9a5a077_s8.jpg"",""https://dine-in-consumer-media-uploads.ifood.com.br/dine-in-partner/salon/photos/c3477b27-7ff1-4bab-b1cd-01e4ac22b1c1_s9.jpg"",""https://dine-in-consumer-media-uploads.ifood.com.br/dine-in-partner/salon/photos/d2be1fb1-d3a2-4bc0-8f88-4f8a185bf1ee_s11.jpg"",""https://dine-in-consumer-media-uploads.ifood.com.br/dine-in-partner/salon/photos/2e989783-fcdb-4681-aa1a-a78aa9b4de45_s12.jpg""]",[],"[{""id"":""ce891490-a7d7-4ed3-8fef-5c4202817bd9"",""dayOfWeek"":""SATURDAY"",""start"":""12:00"",""duration"":719,""end"":""23:59""},{""id"":""d8652aee-a272-4a0f-b9d9-249c3868f56c"",""dayOfWeek"":""THURSDAY"",""start"":""17:00"",""duration"":419,""end"":""23:59""},{""id"":""9fb0df8f-e6ae-4ea4-a811-b6841fc1a675"",""dayOfWeek"":""TUESDAY"",""start"":""17:00"",""duration"":419,""end"":""23:59""},{""id"":""c69a1895-2e19-4472-b796-d75177bc8a9f"",""dayOfWeek"":""SATURDAY"",""start"":""00:00"",""duration"":60,""end"":""01:00""},{""id"":""6b99e2b3-3ebc-4027-8b8c-6334c0599058"",""dayOfWeek"":""WEDNESDAY"",""start"":""17:00"",""duration"":419,""end"":""23:59""},{""id"":""fa5d082c-c43b-47cf-9fdc-22450310027b"",""dayOfWeek"":""SUNDAY"",""start"":""12:00"",""duration"":540,""end"":""21:00""},{""id"":""5a57b9f8-a1f3-419f-be1c-792187fae3bf"",""dayOfWeek"":""FRIDAY"",""start"":""17:00"",""duration"":419,""end"":""23:59""}]",VERY_EXPENSIVE,100,Brasileira,"AV. ENGENHEIRO CAETANO ALVARES, 5680 - LAUZANE PAULISTA, SAO PAULO/SP - CEP: 02413100",-2.348.328,-46.634.625,FALSE,FALSE,TRUE,FALSE,FALSE,FALSE,FALSE,FALSE,FALSE,FALSE,FALSE,FALSE,FALSE,FALSE,4.8,3196,null,null,[]
69958d90-c4e7-4847-a572-ce9a3fb6f6a8,Reservas (Get In),Da Marino - Itaim,SAO PAULO,Italiana,KEY ACCOUNT,DA MARINO,FALSE,"Cozinha do sul da Itália e vinho, o frescor da nossa casa para a sua! Os seus favoritos você encontra aqui: pasta, macarrão, massa, carbonara, parmegiana, lasanha, peixe, peixe assado, camarão, frutos do mar, polvo, siri, pesto, mignon, parmesão, risoto, pomodoro, penne, burrata, molho branco, molho bolonhesa, espaguete, spaguetti, rigatoni, , polpetone, polpettone, bolonhese, nhoque, gnocchi.",https://dine-in-consumer-media-uploads.ifood.com.br/ifood-salao/dine-in-reservations/getin/Y6xKzb1v/ce29e112-89b8-4787-8b5b-7bbe2968abcf_logo.jpg,https://dine-in-consumer-media-uploads.ifood.com.br/ifood-salao/dine-in-reservations/getin/Y6xKzb1v/9bdddff2-cfe0-4da2-b2aa-a20f8b6d24bb_featured.png,"[""https://dine-in-consumer-media-uploads.ifood.com.br/ifood-salao/dine-in-reservations/getin/Y6xKzb1v/f81e390b-6b1c-4502-ae9f-8966399f061f_foto_1.jpg"",""https://dine-in-consumer-media-uploads.ifood.com.br/ifood-salao/dine-in-reservations/getin/Y6xKzb1v/b3b5b602-23a9-4b7c-8c9c-a211fd603cca_foto_2.jpg"",""https://dine-in-consumer-media-uploads.ifood.com.br/ifood-salao/dine-in-reservations/getin/Y6xKzb1v/26aa73cb-a087-4896-a17e-0e0595b65bdc_foto_3.jpg"",""https://dine-in-consumer-media-uploads.ifood.com.br/ifood-salao/dine-in-reservations/getin/Y6xKzb1v/888eb2e9-1512-4fbc-981b-74968ae9962a_foto_4.jpg"",""https://dine-in-consumer-media-uploads.ifood.com.br/ifood-salao/dine-in-reservations/getin/Y6xKzb1v/1658afea-607d-4d78-8de5-bb4fc147a0df_foto_5.jpg"",""https://dine-in-consumer-media-uploads.ifood.com.br/ifood-salao/dine-in-reservations/getin/Y6xKzb1v/34dfae75-a48c-476b-9a58-666f00a4102c_foto_6.jpg"",""https://dine-in-consumer-media-uploads.ifood.com.br/ifood-salao/dine-in-reservations/getin/Y6xKzb1v/694c323e-3490-4f12-a806-c7900e7c1b4a_foto_7.jpg"",""https://dine-in-consumer-media-uploads.ifood.com.br/ifood-salao/dine-in-reservations/getin/Y6xKzb1v/aa70d277-8cd4-4083-880a-2d941746d13c_foto_8.jpg"",""https://dine-in-consumer-media-uploads.ifood.com.br/ifood-salao/dine-in-reservations/getin/Y6xKzb1v/256cb9cd-41cd-4e65-9af2-96cb924c2365_foto_9.jpg"",""https://dine-in-consumer-media-uploads.ifood.com.br/ifood-salao/dine-in-reservations/getin/Y6xKzb1v/70d2c9fc-93fd-4b41-8ffc-15da4694c2f8_foto_10.jpg""]",[],"[{""id"":""769ca068-2173-41d2-8325-9dc861722582"",""dayOfWeek"":""WEDNESDAY"",""start"":""11:30"",""duration"":240,""end"":""15:30""},{""id"":""7474462c-5f57-44da-aea1-9aed41921760"",""dayOfWeek"":""TUESDAY"",""start"":""19:00"",""duration"":299,""end"":""23:59""},{""id"":""0d8b6c14-590e-4ffd-bfdf-13e496097b1d"",""dayOfWeek"":""SATURDAY"",""start"":""12:00"",""duration"":719,""end"":""23:59""},{""id"":""14e7b278-1a7b-4e54-9652-a4bfe5ebd1eb"",""dayOfWeek"":""MONDAY"",""start"":""11:30"",""duration"":240,""end"":""15:30""},{""id"":""030314e9-cbaa-4ecc-a421-9c9e2667182e"",""dayOfWeek"":""SUNDAY"",""start"":""12:00"",""duration"":600,""end"":""22:00""},{""id"":""0b8b91be-24bc-4203-b1f2-c5319c55a9f0"",""dayOfWeek"":""TUESDAY"",""start"":""11:30"",""duration"":240,""end"":""15:30""},{""id"":""eb0b6408-a9fa-4815-9cbf-73f30f6304a3"",""dayOfWeek"":""THURSDAY"",""start"":""19:00"",""duration"":299,""end"":""23:59""},{""id"":""88850a32-487f-43af-83ac-75b1425775b2"",""dayOfWeek"":""WEDNESDAY"",""start"":""19:00"",""duration"":299,""end"":""23:59""},{""id"":""f098502b-cee3-4de5-a1e4-3ce04e3ec8db"",""dayOfWeek"":""FRIDAY"",""start"":""11:30"",""duration"":749,""end"":""23:59""},{""id"":""32d1c0a7-0cf1-42ad-b684-994eca08f0fc"",""dayOfWeek"":""THURSDAY"",""start"":""11:30"",""duration"":240,""end"":""15:30""},{""id"":""0df32e4a-0b4b-4744-b31a-97815cc8c179"",""dayOfWeek"":""MONDAY"",""start"":""19:00"",""duration"":299,""end"":""23:59""}]",VERY_EXPENSIVE,100,Italiana,"Rua Jerônimo da Veiga, 74 - Jardim Europa, SAO PAULO/SP - CEP: 04536000",-23.580.855,-46.679.758,FALSE,TRUE,FALSE,FALSE,FALSE,FALSE,FALSE,FALSE,FALSE,FALSE,FALSE,FALSE,FALSE,TRUE,4.7,2546,null,null,"[""Ambiente ao Ar Livre"",""Para esquentar""]"
5495b126-e1f4-4aea-a72e-c27077a41234,Reservas (Get In),Forno da Pino - Itaim,SAO PAULO,Italiana,KEY ACCOUNT,RESTAURANTES ALIFE,FALSE,"Cozinha italiana e vinho - da nossa casa para a sua casa! Os seus clássicos favoritos você encontra aqui: pasta, macarrão, massa, carbonara, parmegiana, lasanha, lasagna, parmesão, risoto, pesto, pomodoro, penne, burrata, molho branco, molho vermelho, molho bolonhesa, espaguete, spaguetti, rigatoni, tiramisu, polpetone, polpettone, capeletti, bolonhesa, nhoque, gnocchi, file, azeite, pene",https://dine-in-consumer-media-uploads.ifood.com.br/ifood-salao/dine-in-reservations/getin/MP95VePL/86ab4371-5625-4056-a814-6018b01b4c18_logo.jpg,https://dine-in-consumer-media-uploads.ifood.com.br/ifood-salao/dine-in-reservations/getin/MP95VePL/24c69315-edf8-4245-8ebf-cba282c9d03d_featured.png,"[""https://dine-in-consumer-media-uploads.ifood.com.br/ifood-salao/dine-in-reservations/getin/MP95VePL/a9fdcbc2-8edc-4239-819d-3e0028ac66a9_foto_1.jpg"",""https://dine-in-consumer-media-uploads.ifood.com.br/ifood-salao/dine-in-reservations/getin/MP95VePL/1c0bb508-7ee0-42c4-a55e-6dbfdfff84c1_foto_2.jpg"",""https://dine-in-consumer-media-uploads.ifood.com.br/ifood-salao/dine-in-reservations/getin/MP95VePL/3d7b4c1e-fc7a-40f5-a562-f39bb4752cf5_foto_3.jpg"",""https://dine-in-consumer-media-uploads.ifood.com.br/ifood-salao/dine-in-reservations/getin/MP95VePL/ec9cb92b-ed0a-481b-a10d-3f70f6c2217c_foto_4.jpg"",""https://dine-in-consumer-media-uploads.ifood.com.br/ifood-salao/dine-in-reservations/getin/MP95VePL/9006d4c8-b19d-4008-808e-aabdaafc0abf_foto_5.jpg"",""https://dine-in-consumer-media-uploads.ifood.com.br/ifood-salao/dine-in-reservations/getin/MP95VePL/b02e36c7-a96a-4d19-817c-8a7df910ac07_foto_6.jpg"",""https://dine-in-consumer-media-uploads.ifood.com.br/ifood-salao/dine-in-reservations/getin/MP95VePL/9bd4b430-e85f-4b57-9921-ac9fa3f8b0ee_foto_7.jpg"",""https://dine-in-consumer-media-uploads.ifood.com.br/ifood-salao/dine-in-reservations/getin/MP95VePL/47836e01-31db-44a4-a88f-0ffd8f69811f_foto_8.jpg"",""https://dine-in-consumer-media-uploads.ifood.com.br/ifood-salao/dine-in-reservations/getin/MP95VePL/935b22c8-615e-40a1-baca-4f310c4cd499_foto_9.jpg"",""https://dine-in-consumer-media-uploads.ifood.com.br/ifood-salao/dine-in-reservations/getin/MP95VePL/835e4209-7ba5-4255-9995-8d13e1a60938_foto_10.jpg""]",[],"[{""id"":""111c4201-32f6-4a9e-9345-68dc9e18e1e6"",""dayOfWeek"":""SATURDAY"",""start"":""12:00"",""duration"":719,""end"":""23:59""},{""id"":""0ab146ef-6525-4b0c-93fa-9201d715c295"",""dayOfWeek"":""SUNDAY"",""start"":""12:00"",""duration"":600,""end"":""22:00""},{""id"":""8475c589-a74b-4a8f-b478-820ec6bbe26b"",""dayOfWeek"":""TUESDAY"",""start"":""19:00"",""duration"":299,""end"":""23:59""},{""id"":""82df7847-9087-4b03-b73f-2e39624fbd70"",""dayOfWeek"":""MONDAY"",""start"":""19:00"",""duration"":299,""end"":""23:59""},{""id"":""4a1a6acd-7462-417b-b43c-00a2781df395"",""dayOfWeek"":""THURSDAY"",""start"":""19:00"",""duration"":299,""end"":""23:59""},{""id"":""f58f44ea-1557-44e6-b675-faf7d5d64a37"",""dayOfWeek"":""FRIDAY"",""start"":""11:45"",""duration"":734,""end"":""23:59""},{""id"":""2518c044-f19f-4488-934a-fd41519ca224"",""dayOfWeek"":""TUESDAY"",""start"":""11:45"",""duration"":240,""end"":""15:45""},{""id"":""f0fe8b3c-8649-4d79-b1a9-ca6a7f38c605"",""dayOfWeek"":""MONDAY"",""start"":""11:45"",""duration"":240,""end"":""15:45""},{""id"":""460d1947-c626-42a4-bc8e-6442533f72bc"",""dayOfWeek"":""THURSDAY"",""start"":""11:45"",""duration"":240,""end"":""15:45""},{""id"":""182305c9-2a9d-4ebb-ab15-cd8d8974daa8"",""dayOfWeek"":""WEDNESDAY"",""start"":""11:45"",""duration"":240,""end"":""15:45""},{""id"":""0ee84851-0cf6-40f1-a3f6-cebbe18b1d8b"",""dayOfWeek"":""WEDNESDAY"",""start"":""19:00"",""duration"":299,""end"":""23:59""}]",VERY_EXPENSIVE,100,Italiana,"Rua Jerônimo da Veiga, 75 - Jardim Europa, SAO PAULO/SP - CEP: 04536000",-23.581.188,-46.679.712,TRUE,TRUE,FALSE,FALSE,FALSE,FALSE,FALSE,TRUE,TRUE,TRUE,TRUE,FALSE,TRUE,FALSE,4.7,2238,null,null,"[""Momento a Dois"",""Ambiente ao Ar Livre""]"
f7e20229-4d8b-4b66-ab1e-dd5e46686ff2,Reservas (Get In),Boa Praça - Paulista,SAO PAULO,Italiana,KEY ACCOUNT,BOA PRACA,FALSE,"Carioca e grande apreciador das tradicionais galeterias da cidade, o chef Artagão assina o cardápio do Boa Praça, trazendo releituras e variações  da culinária brasileira feijoada, feijuca parmegiana, almoço executivo, frango, strogonoff, sanduiches, batata frita, burger, compartilhar, costela, picadinho, pernil, sanduba, hamburger, pastel, pasteis, mignon, petiscos,\n",https://static.ifood-static.com.br/image/upload/t_thumbnail/logosgde/ffb858c9-a7d4-4775-981c-78e082a3ccb2/202507211706_SIyn_b.jpg,https://static.ifood-static.com.br/image/upload/t_thumbnail/capa/ffb858c9-a7d4-4775-981c-78e082a3ccb2/202507211706_Ks0S_b.jpg,"[""https://dine-in-consumer-media-uploads.ifood.com.br/dine-in-partner/salon/photos/c9dfed3a-4974-4054-a55d-7a68d87cf195_Design_sem_nome_73_.jpg"",""https://dine-in-consumer-media-uploads.ifood.com.br/dine-in-partner/salon/photos/d31239bb-31fe-4c6f-8f0b-cd1b6bc69cdb_Design_sem_nome_72_.jpg""]",[],"[{""id"":""fce46eea-1638-405a-ad41-9093fa018673"",""dayOfWeek"":""THURSDAY"",""start"":""17:00"",""duration"":360,""end"":""23:00""},{""id"":""07eb9b70-3f78-4fb0-b661-3482a7f86624"",""dayOfWeek"":""FRIDAY"",""start"":""17:00"",""duration"":360,""end"":""23:00""},{""id"":""c429f779-bff2-45dc-990f-98cd4d9ef00d"",""dayOfWeek"":""SUNDAY"",""start"":""12:00"",""duration"":690,""end"":""23:30""},{""id"":""3a117e2a-f302-4f6f-94cb-7386d36455fe"",""dayOfWeek"":""TUESDAY"",""start"":""17:00"",""duration"":360,""end"":""23:00""},{""id"":""b27c411a-2ddb-470e-8ae4-db7e38366ce8"",""dayOfWeek"":""MONDAY"",""start"":""17:00"",""duration"":360,""end"":""23:00""},{""id"":""d062174a-c90c-44e9-a2e7-41ed11c03986"",""dayOfWeek"":""WEDNESDAY"",""start"":""17:00"",""duration"":360,""end"":""23:00""},{""id"":""3c4586f2-c990-4459-a851-e7a7cf6e2d7a"",""dayOfWeek"":""SATURDAY"",""start"":""12:00"",""duration"":690,""end"":""23:30""}]",VERY_EXPENSIVE,100,Italiana,"Alameda Santos, 1873 - Jardim Paulista, SAO PAULO/SP - CEP: 01451000",-2.356.098,-46.659.228,FALSE,FALSE,TRUE,FALSE,FALSE,FALSE,FALSE,FALSE,FALSE,FALSE,FALSE,FALSE,FALSE,FALSE,4.6,4336,null,null,[]
15a7cc55-c02a-4455-bf0f-056e71c8cd24,Reservas (Get In),Coco Bambu Jk Restaurante,SAO PAULO,Frutos Do Mar,KEY ACCOUNT,ADEGA COCO BAMBU,FALSE,"Especializado em camarões e frutos do mar, o amplo cardápio do Coco Bambu conta com sabores variados e irresistíveis para todos os gostos. Carnes, aves, peixes, saladas, entradas e entradinhas, drinks diferenciados e sobremesas únicas. Algumas das nossas opções já viraram clássicos consagrados em todo o país, e qualquer que seja o seu pedido, a certeza é uma só: o melhor do Brasil é a nossa especialidade.",https://dine-in-consumer-media-uploads.ifood.com.br/ifood-salao/dine-in-reservations/tagme/56c7770f0896b3cd13c601d0/1d311d55-03c6-4963-8675-ae6832c3b249_logo.jpg,https://dine-in-consumer-media-uploads.ifood.com.br/ifood-salao/dine-in-reservations/tagme/56c7770f0896b3cd13c601d0/e0f3b6b5-dbd4-41b0-8e97-cdbd3066c3f4_featured.jpg,"[""https://dine-in-consumer-media-uploads.ifood.com.br/ifood-salao/dine-in-reservations/tagme/56c7770f0896b3cd13c601d0/27cc8ac2-59c7-41d0-9cf2-72d018d1f03f_foto_1.png"",""https://dine-in-consumer-media-uploads.ifood.com.br/ifood-salao/dine-in-reservations/tagme/56c7770f0896b3cd13c601d0/fbf2ae50-0aac-44d7-bbdf-c21f59381a5e_foto_2.png"",""https://dine-in-consumer-media-uploads.ifood.com.br/ifood-salao/dine-in-reservations/tagme/56c7770f0896b3cd13c601d0/465f3609-ebc2-45bd-bdb2-cd542732bec4_foto_3.png""]",[],"[{""id"":""275238db-aad0-4d10-9b42-824edee4e887"",""dayOfWeek"":""THURSDAY"",""start"":""11:30"",""duration"":210,""end"":""15:00""},{""id"":""bc216569-bbf6-48d3-8b5a-9db6a9315787"",""dayOfWeek"":""FRIDAY"",""start"":""11:30"",""duration"":749,""end"":""23:59""},{""id"":""85786fc6-575d-44bb-a093-c20552e541b4"",""dayOfWeek"":""WEDNESDAY"",""start"":""18:00"",""duration"":359,""end"":""23:59""},{""id"":""62c582a5-c1df-4256-8cc5-bf5a9e74984e"",""dayOfWeek"":""THURSDAY"",""start"":""18:00"",""duration"":359,""end"":""23:59""},{""id"":""2c9e6358-c0dd-4a8d-bb93-c531bf870360"",""dayOfWeek"":""WEDNESDAY"",""start"":""11:30"",""duration"":210,""end"":""15:00""},{""id"":""028eb72c-9977-463b-a8c7-f556e650b89a"",""dayOfWeek"":""MONDAY"",""start"":""11:30"",""duration"":210,""end"":""15:00""},{""id"":""3d3b2119-c2e4-494c-92d1-b7ccd8c9f496"",""dayOfWeek"":""SATURDAY"",""start"":""11:30"",""duration"":749,""end"":""23:59""},{""id"":""fd92fe37-3599-4f17-84c7-b8c6db02abea"",""dayOfWeek"":""TUESDAY"",""start"":""11:30"",""duration"":210,""end"":""15:00""},{""id"":""9b13265f-585f-4c7f-9645-c6d3a6ce72ae"",""dayOfWeek"":""MONDAY"",""start"":""18:00"",""duration"":359,""end"":""23:59""},{""id"":""126a2f8f-f5be-4212-b322-ba47cbf784e3"",""dayOfWeek"":""SUNDAY"",""start"":""11:30"",""duration"":749,""end"":""23:59""},{""id"":""c9b5ecd9-0b78-4b39-8f35-8cc702873156"",""dayOfWeek"":""TUESDAY"",""start"":""18:00"",""duration"":359,""end"":""23:59""}]",VERY_EXPENSIVE,100,Frutos Do Mar,"Av. Antonio Joaquim de Moura Andrade, 737 - Vila Nova Conceição, SAO PAULO/SP - CEP: 04507000",-23.585.631,-46.670.434,TRUE,FALSE,FALSE,FALSE,TRUE,FALSE,FALSE,FALSE,FALSE,FALSE,FALSE,FALSE,TRUE,FALSE,4.6,23721,null,null,"[""Momento a Dois"",""Ambiente ao Ar Livre"",""Para esquentar""]"
949dd320-f464-49fa-bc91-7baa562d3e09,Reservas (Get In),Eu Tu Eles - Paulista,SAO PAULO,Brasileira,KEY ACCOUNT,TATU BOLA,FALSE,"Eu tu eles é pura celebração à brasilidade: clima animado, comida de boteco e cerveja gelada. \nCulinária brasileira segue informações do  cardápio: feijoada, feijuca parmegiana, almoço executivo, frango grelhado,  strogonoff, batata frita, sanduiches, picadinho, burger, compartilhar, costela, porco, pernil, sanduba, pizza, hamburger, pastel, pasteis, mignon, petiscos, linguiça.",https://static.ifood-static.com.br/image/upload/t_thumbnail/logosgde/ddcfbc38-363c-49e0-a82b-4a710d67d419/202510141401_TbOu_p.png,https://static.ifood-static.com.br/image/upload/t_thumbnail/capa/ddcfbc38-363c-49e0-a82b-4a710d67d419/202510141402_qYGC_c.png,"[""https://dine-in-consumer-media-uploads.ifood.com.br/dine-in-partner/salon/photos/39168ce7-cb62-4ccc-a0e5-28738b633f0e_BOTECO_RAINHA_-_DOM_PEDRO_6_.jpg"",""https://dine-in-consumer-media-uploads.ifood.com.br/dine-in-partner/salon/photos/e3bb0be3-f221-4e02-b84d-d29ade130107_BOTECO_RAINHA_-_DOM_PEDRO_5_.jpg""]",[],"[{""id"":""0c8ba2de-722d-461e-90fa-ae1f87574894"",""dayOfWeek"":""WEDNESDAY"",""start"":""11:30"",""duration"":150,""end"":""14:00""},{""id"":""f0e74e0c-adb6-4efb-9758-128b3130e96c"",""dayOfWeek"":""TUESDAY"",""start"":""17:00"",""duration"":330,""end"":""22:30""},{""id"":""2c95989d-ad82-459f-90d1-6ac95625da05"",""dayOfWeek"":""MONDAY"",""start"":""17:00"",""duration"":330,""end"":""22:30""},{""id"":""01a5137f-1957-434f-a77e-4121e3dbe98b"",""dayOfWeek"":""SATURDAY"",""start"":""12:00"",""duration"":630,""end"":""22:30""},{""id"":""845f9a09-d174-4090-9c27-c4c8e694d4bd"",""dayOfWeek"":""THURSDAY"",""start"":""11:30"",""duration"":150,""end"":""14:00""},{""id"":""3be6a429-08da-4bcf-b052-8c32b8edf59b"",""dayOfWeek"":""THURSDAY"",""start"":""17:00"",""duration"":360,""end"":""23:00""},{""id"":""31c08924-c21d-4879-af52-e45979303394"",""dayOfWeek"":""FRIDAY"",""start"":""11:30"",""duration"":690,""end"":""23:00""},{""id"":""b3cd496d-d7a0-4ef1-a214-6407e2f2b1be"",""dayOfWeek"":""SUNDAY"",""start"":""12:00"",""duration"":540,""end"":""21:00""},{""id"":""baf2f89a-62aa-456a-8dfa-2213735f2523"",""dayOfWeek"":""WEDNESDAY"",""start"":""17:00"",""duration"":330,""end"":""22:30""},{""id"":""969b0cff-4a7e-4b61-b3e7-dcef3774ed40"",""dayOfWeek"":""MONDAY"",""start"":""11:30"",""duration"":150,""end"":""14:00""}]",VERY_EXPENSIVE,100,Brasileira,"Alameda Joaquim Eugênio de Lima, 612 - Jardim Paulista, SAO PAULO/SP - CEP: 01403000",-23.566.666,-46.651.725,FALSE,FALSE,TRUE,FALSE,FALSE,FALSE,FALSE,FALSE,FALSE,FALSE,FALSE,FALSE,FALSE,FALSE,4.6,8970,null,null,[]
7d694fb5-da36-4739-bad9-b14b533bf887,Reservas (Get In),Pobre Juan - Vila Olimpia,SAO PAULO,Carnes,KEY ACCOUNT,GRUPO VIVANT,TRUE,"Inspirado nas típicas casas argentinas, o restaurante Pobre Juan é uma das mais conceituadas casas de carnes do país e ficou famoso por sua parrilla (grelha argentina) premium, cortes de carnes nobres especialmente selecionados, excelência na carta de vinhos e seu ofurô de cervejas.",https://dine-in-consumer-media-uploads.ifood.com.br/dine-in-partner/brand/logo/b4bb04fd-b662-499b-a50a-b364b89aac61_Logo_Final.jpg,https://dine-in-consumer-media-uploads.ifood.com.br/dine-in-partner/brand/cover/a77a848c-0397-476f-a5f6-af165e188db3_Destaque.jpg,"[""https://dine-in-consumer-media-uploads.ifood.com.br/ifood-salao/dine-in-reservations/getin/QO6Olxka/977446ca-8490-4975-8e3e-e5d83760dded_foto_1.jpg"",""https://dine-in-consumer-media-uploads.ifood.com.br/ifood-salao/dine-in-reservations/getin/QO6Olxka/6f7b8e91-aa26-4279-863a-020561c5729a_foto_2.jpg"",""https://dine-in-consumer-media-uploads.ifood.com.br/ifood-salao/dine-in-reservations/getin/QO6Olxka/2e048023-4930-462f-841a-fde6035b62df_foto_3.jpg"",""https://dine-in-consumer-media-uploads.ifood.com.br/ifood-salao/dine-in-reservations/getin/QO6Olxka/5a4c0462-1342-41cd-9f1b-e40c647b9e7d_foto_4.jpg"",""https://dine-in-consumer-media-uploads.ifood.com.br/ifood-salao/dine-in-reservations/getin/QO6Olxka/cac3b28f-3374-40ed-8991-cfaf322ba1f1_foto_5.jpg"",""https://dine-in-consumer-media-uploads.ifood.com.br/ifood-salao/dine-in-reservations/getin/QO6Olxka/b6e95382-356a-45c7-ad64-fc6ff454b4ba_foto_6.jpg""]",[],"[{""id"":""155d867b-d47c-4f72-bf53-0f8f8ff77ac3"",""dayOfWeek"":""WEDNESDAY"",""start"":""19:00"",""duration"":180,""end"":""22:00""},{""id"":""4c4d45d5-98d3-41e5-858e-a621a3f631d3"",""dayOfWeek"":""MONDAY"",""start"":""19:00"",""duration"":180,""end"":""22:00""},{""id"":""f3071c07-c77a-4746-b627-a6ce53b13ba8"",""dayOfWeek"":""SATURDAY"",""start"":""12:00"",""duration"":660,""end"":""23:00""},{""id"":""d070ad78-8142-45fd-a92e-3bb399c8bdd3"",""dayOfWeek"":""TUESDAY"",""start"":""19:00"",""duration"":180,""end"":""22:00""},{""id"":""5190d8b7-8c73-48af-a3af-4ad6548e361a"",""dayOfWeek"":""WEDNESDAY"",""start"":""12:00"",""duration"":180,""end"":""15:00""},{""id"":""76855d0f-055b-4b65-aaf7-16b0ea5225bc"",""dayOfWeek"":""THURSDAY"",""start"":""12:00"",""duration"":180,""end"":""15:00""},{""id"":""fa101ab9-5fc2-4447-9d3d-da7df8154a83"",""dayOfWeek"":""TUESDAY"",""start"":""12:00"",""duration"":180,""end"":""15:00""},{""id"":""45ba0839-8407-4822-b4c6-98ec22db86ff"",""dayOfWeek"":""THURSDAY"",""start"":""19:00"",""duration"":180,""end"":""22:00""},{""id"":""60daa601-55bd-4114-a499-edf8fff7bc5e"",""dayOfWeek"":""FRIDAY"",""start"":""12:00"",""duration"":660,""end"":""23:00""},{""id"":""f75d27c6-7263-420c-8ff0-87db625e475b"",""dayOfWeek"":""MONDAY"",""start"":""12:00"",""duration"":180,""end"":""15:00""},{""id"":""901ad929-709c-4487-8ab6-e7a176f3239d"",""dayOfWeek"":""SUNDAY"",""start"":""12:00"",""duration"":480,""end"":""20:00""}]",VERY_EXPENSIVE,100,Carnes,"Rua Comendador Miguel Calfat, 525 - Vila Nova Conceição, SAO PAULO/SP - CEP: 04537082",-23.593.651,-46.677.595,TRUE,TRUE,TRUE,TRUE,FALSE,TRUE,FALSE,TRUE,TRUE,TRUE,FALSE,FALSE,FALSE,TRUE,4.6,2566,null,null,"[""Momento a Dois"",""Ambiente ao Ar Livre"",""Para esquentar""]"
453adc3d-eafd-400e-9dc7-4d5c8505a984,Reservas (Get In),Da Marino - Morumbi,SAO PAULO,Italiana,KEY ACCOUNT,DA MARINO,FALSE,"Cozinha do sul da Itália e vinho, o frescor da nossa casa para a sua! Os seus favoritos você encontra aqui: pasta, macarrão, massa, carbonara, parmegiana, lasanha, peixe, peixe assado, camarão, frutos do mar, polvo, siri, pesto, mignon, parmesão, risoto, pomodoro, penne, burrata, molho branco, molho bolonhesa, espaguete, spaguetti, rigatoni, , polpetone, polpettone, bolonhese, nhoque, gnocchi.",https://dine-in-consumer-media-uploads.ifood.com.br/ifood-salao/dine-in-reservations/getin/V1Dmxn6G/77035a42-2a5c-487f-b099-c4fb49d56eed_logo.jpg,https://dine-in-consumer-media-uploads.ifood.com.br/ifood-salao/dine-in-reservations/getin/V1Dmxn6G/d87b78cb-25c2-49e5-bd7f-982adc23a244_featured.png,"[""https://dine-in-consumer-media-uploads.ifood.com.br/ifood-salao/dine-in-reservations/getin/V1Dmxn6G/528b4279-181f-47ff-9117-2a6154d78643_foto_1.jpg"",""https://dine-in-consumer-media-uploads.ifood.com.br/ifood-salao/dine-in-reservations/getin/V1Dmxn6G/b0e85979-bf16-4cd3-add6-52081c5f7e0f_foto_2.jpg"",""https://dine-in-consumer-media-uploads.ifood.com.br/ifood-salao/dine-in-reservations/getin/V1Dmxn6G/e433c4d3-cedc-4cc8-b939-71ff695ee861_foto_3.jpg"",""https://dine-in-consumer-media-uploads.ifood.com.br/ifood-salao/dine-in-reservations/getin/V1Dmxn6G/7c42469c-cd41-4dbe-a94e-4995652f3251_foto_4.jpg"",""https://dine-in-consumer-media-uploads.ifood.com.br/ifood-salao/dine-in-reservations/getin/V1Dmxn6G/6c3a7872-2a1a-405b-afb7-8162a8388b6f_foto_6.jpg"",""https://dine-in-consumer-media-uploads.ifood.com.br/ifood-salao/dine-in-reservations/getin/V1Dmxn6G/a99b97cf-00a5-4902-93a5-238a550000fd_foto_7.jpg"",""https://dine-in-consumer-media-uploads.ifood.com.br/ifood-salao/dine-in-reservations/getin/V1Dmxn6G/445dc122-7887-4607-bbde-38baef50d9c8_foto_8.jpg"",""https://dine-in-consumer-media-uploads.ifood.com.br/ifood-salao/dine-in-reservations/getin/V1Dmxn6G/85f9eeff-f1f9-4652-915d-6fbb1b7753b9_foto_9.jpg"",""https://dine-in-consumer-media-uploads.ifood.com.br/ifood-salao/dine-in-reservations/getin/V1Dmxn6G/1edef141-d89e-4fd9-bb88-7a98e6aed923_foto_10.jpg""]",[],"[{""id"":""3031a151-680c-4ea6-ab49-3dd0595da662"",""dayOfWeek"":""SATURDAY"",""start"":""12:00"",""duration"":660,""end"":""23:00""},{""id"":""33029a53-f4e0-4d02-a0d8-c84194e7459b"",""dayOfWeek"":""THURSDAY"",""start"":""11:30"",""duration"":690,""end"":""23:00""},{""id"":""69b4540b-6a7f-4e53-8fb7-64a08a7d9a28"",""dayOfWeek"":""FRIDAY"",""start"":""11:30"",""duration"":690,""end"":""23:00""},{""id"":""f29d2141-4c09-436d-934c-3d220a735249"",""dayOfWeek"":""MONDAY"",""start"":""11:30"",""duration"":660,""end"":""22:30""},{""id"":""68398da7-fb89-450c-9293-ee108ca04fe1"",""dayOfWeek"":""WEDNESDAY"",""start"":""11:30"",""duration"":660,""end"":""22:30""},{""id"":""996f8a7b-913a-4214-bb88-1d26a1c5dd9e"",""dayOfWeek"":""TUESDAY"",""start"":""11:30"",""duration"":660,""end"":""22:30""},{""id"":""855ad050-0be0-4a59-b1b6-66cea905ff4f"",""dayOfWeek"":""SUNDAY"",""start"":""12:00"",""duration"":540,""end"":""21:00""}]",VERY_EXPENSIVE,100,Italiana,"Avenida Roque Petroni Júnior, 1089 - Loja 27 - Jardim das Acácias, SAO PAULO/SP - CEP: 04707900",-23.623.519,-46.698.909,TRUE,TRUE,FALSE,TRUE,FALSE,FALSE,FALSE,FALSE,FALSE,FALSE,TRUE,FALSE,TRUE,FALSE,4.5,186,null,null,"[""Pra Curtir em Família"",""Ambiente ao Ar Livre""]"
2126a715-8efc-4f39-b7c4-81b39285b060,Reservas (Get In),Tatu Bola - Tatuapé,SAO PAULO,Brasileira,KEY ACCOUNT,TATU BOLA,FALSE,"O Tatu Bola é pura celebração à brasilidade: clima animado, comida de boteco e cerveja gelada. \nCulinária brasileira segue informações do  cardápio: feijoada, feijuca parmegiana, almoço executivo, frango grelhado,  strogonoff, batata frita, sanduiches, picadinho, burger, compartilhar, costela, porco, pernil, sanduba, pizza, hamburger, pastel, pasteis, mignon, petiscos, linguiça.",https://static.ifood-static.com.br/image/upload/t_thumbnail/logosgde/3c48e666-f837-445d-825b-f93b67ab1621/202508071733_IEiJ_c.png,https://dine-in-consumer-media-uploads.ifood.com.br/dine-in-partner/brand/cover/ed9ec7f4-7bf9-4254-b2d6-a4121e4db95a_Destaque.jpg,"[""https://dine-in-consumer-media-uploads.ifood.com.br/dine-in-partner/salon/photos/934337dc-eae2-4c2f-8070-b6b7fc6017d4_s4.jpg"",""https://dine-in-consumer-media-uploads.ifood.com.br/dine-in-partner/salon/photos/747b8db4-c879-4d81-b75c-628e0ccc8191_s11.jpg"",""https://dine-in-consumer-media-uploads.ifood.com.br/dine-in-partner/salon/photos/907b0539-cceb-4c12-a33c-8489788f9d14_s1.jpg"",""https://dine-in-consumer-media-uploads.ifood.com.br/dine-in-partner/salon/photos/cf4c6885-86b3-4efd-98c8-1cba9fd6c718_s2.jpg"",""https://dine-in-consumer-media-uploads.ifood.com.br/dine-in-partner/salon/photos/374fe0c2-685b-4e7a-92aa-bd179c7cf648_s3.jpg"",""https://dine-in-consumer-media-uploads.ifood.com.br/dine-in-partner/salon/photos/a45a57b5-5e7c-4fe7-8532-bf1aa11251af_s5.jpg"",""https://dine-in-consumer-media-uploads.ifood.com.br/dine-in-partner/salon/photos/d1549916-96fa-4c08-8806-4fc6edb72757_s6.jpg"",""https://dine-in-consumer-media-uploads.ifood.com.br/dine-in-partner/salon/photos/f5b9d447-0891-4ade-9b56-57debb9794c0_s7.jpg"",""https://dine-in-consumer-media-uploads.ifood.com.br/dine-in-partner/salon/photos/95508bbf-32d9-42d6-b404-40f9bef12446_s8.jpg"",""https://dine-in-consumer-media-uploads.ifood.com.br/dine-in-partner/salon/photos/96ae0c7c-2f0f-46bb-a6be-d364db6d3b2a_s9.jpg"",""https://dine-in-consumer-media-uploads.ifood.com.br/dine-in-partner/salon/photos/6b3307ae-2bce-4f5b-a6be-660f38c6907d_s12.jpg""]",[],"[{""id"":""864f63bc-8aa7-46ed-b0c5-f70812b7c4cd"",""dayOfWeek"":""SUNDAY"",""start"":""12:00"",""duration"":660,""end"":""23:00""},{""id"":""a17c0ed0-ea97-4ca1-9f2d-c9a62336282d"",""dayOfWeek"":""SATURDAY"",""start"":""12:00"",""duration"":719,""end"":""23:59""},{""id"":""0c4691fe-ac3b-454c-b0bf-16534f478576"",""dayOfWeek"":""WEDNESDAY"",""start"":""17:00"",""duration"":419,""end"":""23:59""},{""id"":""2ba77b46-07a3-47c0-94e5-84d7dd82d0bc"",""dayOfWeek"":""FRIDAY"",""start"":""00:00"",""duration"":60,""end"":""01:00""},{""id"":""b365cd9e-5957-4f53-a484-4cdac5a19a02"",""dayOfWeek"":""FRIDAY"",""start"":""17:00"",""duration"":419,""end"":""23:59""},{""id"":""19345b0d-8609-495e-86df-1f10e9cde5e0"",""dayOfWeek"":""SATURDAY"",""start"":""00:00"",""duration"":60,""end"":""01:00""},{""id"":""53377033-8fc1-480a-ac6c-9258a3650e70"",""dayOfWeek"":""THURSDAY"",""start"":""17:00"",""duration"":419,""end"":""23:59""},{""id"":""de78ac00-66b0-4462-b4a0-2cfd1dbefcb8"",""dayOfWeek"":""TUESDAY"",""start"":""17:00"",""duration"":360,""end"":""23:00""}]",VERY_EXPENSIVE,100,Brasileira,"RUA EMILIA MARENGO, 534 - Tatuapé, SAO PAULO/SP - CEP: 03336000",-23.553.536,-46.562.119,FALSE,FALSE,TRUE,FALSE,FALSE,FALSE,FALSE,FALSE,FALSE,FALSE,FALSE,FALSE,FALSE,FALSE,4.5,3535,null,null,[]
66303074-37e6-4a37-a4c0-c622b398b2f9,Reservas (Get In),Boa Praça - Itaim,SAO PAULO,Brasileira,KEY ACCOUNT,BOA PRACA,FALSE,"Carioca e grande apreciador das tradicionais galeterias da cidade, o chef Artagão assina o cardápio do Boa Praça, trazendo releituras e variações  da culinária brasileira feijoada, feijuca parmegiana, almoço executivo, frango, strogonoff, sanduiches, batata frita, burger, compartilhar, costela, picadinho, pernil, sanduba, hamburger, pastel, pasteis, mignon, petiscos,\n",https://static.ifood-static.com.br/image/upload/t_thumbnail/logosgde/2dbde734-bcdf-4d6d-9d34-8baa979cdc85/202507211656_sPIo_b.jpg,https://static.ifood-static.com.br/image/upload/t_thumbnail/capa/2dbde734-bcdf-4d6d-9d34-8baa979cdc85/202507211746_gIA3_d.png,"[""https://dine-in-consumer-media-uploads.ifood.com.br/dine-in-partner/salon/photos/d5b4051a-0b37-410a-b245-f94c7322435d_Design_sem_nome_73_.jpg"",""https://dine-in-consumer-media-uploads.ifood.com.br/dine-in-partner/salon/photos/5c31f90d-93bb-4f4a-b437-a3ad16f9b737_Design_sem_nome_72_.jpg""]",[],"[{""id"":""ddd30689-0fe0-438a-a678-288e873a313e"",""dayOfWeek"":""TUESDAY"",""start"":""17:00"",""duration"":360,""end"":""23:00""},{""id"":""606b6875-9ca6-4a97-baa1-91e9e95227e5"",""dayOfWeek"":""THURSDAY"",""start"":""17:00"",""duration"":360,""end"":""23:00""},{""id"":""b7435074-b18c-448d-bb3b-01e3ebd5bf17"",""dayOfWeek"":""FRIDAY"",""start"":""17:00"",""duration"":360,""end"":""23:00""},{""id"":""7747f9bf-a40e-4429-8c7d-edf84c6741ba"",""dayOfWeek"":""WEDNESDAY"",""start"":""17:00"",""duration"":360,""end"":""23:00""},{""id"":""e3ac8967-60a2-42a4-b1fa-7c0cfbf78b37"",""dayOfWeek"":""SATURDAY"",""start"":""12:00"",""duration"":630,""end"":""22:30""}]",VERY_EXPENSIVE,100,Brasileira,"Avenida Brigadeiro Faria Lima, 3183 - Itaim Bibi, SAO PAULO/SP - CEP: 01453050",-23.584.204,-46.683.003,FALSE,FALSE,TRUE,FALSE,FALSE,FALSE,FALSE,FALSE,FALSE,FALSE,FALSE,FALSE,FALSE,FALSE,4.4,5016,null,null,[]
a8d6bf43-d621-4440-a374-6c7af1c5abcb,Reservas (Get In),Tatu Bola - Itaim,SAO PAULO,Brasileira,KEY ACCOUNT,TATU BOLA,FALSE,"O Tatu Bola é pura celebração à brasilidade: clima animado, comida de boteco e cerveja gelada. \nCulinária brasileira segue informações do  cardápio: feijoada, feijuca parmegiana, almoço executivo, frango grelhado,  strogonoff, batata frita, sanduiches, picadinho, burger, compartilhar, costela, porco, pernil, sanduba, pizza, hamburger, pastel, pasteis, mignon, petiscos, linguiça.",https://static.ifood-static.com.br/image/upload/t_thumbnail/logosgde/feec81b0-13e3-4ae6-ad9b-4056d23ea04e/202508071702_nYIu_c.png,https://dine-in-consumer-media-uploads.ifood.com.br/dine-in-partner/brand/cover/751f72fc-3eb6-46e8-9336-e228f8702e96_Destaque.jpg,"[""https://dine-in-consumer-media-uploads.ifood.com.br/dine-in-partner/salon/photos/19afcc93-5f98-4873-95aa-f3cf5bf70fc4_s2.jpg"",""https://dine-in-consumer-media-uploads.ifood.com.br/dine-in-partner/salon/photos/0718a9cf-739d-4b5b-b725-006acff89d89_s7.jpg"",""https://dine-in-consumer-media-uploads.ifood.com.br/dine-in-partner/salon/photos/7e4fe30c-204e-4190-8f9d-5dd333a0d7e6_s1.jpg"",""https://dine-in-consumer-media-uploads.ifood.com.br/dine-in-partner/salon/photos/9689a20a-63e5-496c-a762-ab2f21573d30_s3.jpg"",""https://dine-in-consumer-media-uploads.ifood.com.br/dine-in-partner/salon/photos/b6790a42-2ab3-40a8-a79c-ddbef39550f8_s4.jpg"",""https://dine-in-consumer-media-uploads.ifood.com.br/dine-in-partner/salon/photos/dae490df-18f4-4b33-8d80-51c741183a7d_s5.jpg"",""https://dine-in-consumer-media-uploads.ifood.com.br/dine-in-partner/salon/photos/2aee7afb-0ea5-4381-ac65-01832c9560ce_s6.jpg"",""https://dine-in-consumer-media-uploads.ifood.com.br/dine-in-partner/salon/photos/d1b70758-90a0-4303-9aac-91efe4708c7d_s8.jpg"",""https://dine-in-consumer-media-uploads.ifood.com.br/dine-in-partner/salon/photos/f6166d3c-10c0-47e0-9592-fb31ad1c5032_s9.jpg"",""https://dine-in-consumer-media-uploads.ifood.com.br/dine-in-partner/salon/photos/580fc2fd-956c-4f03-adf3-f5e1ae43842f_s11.jpg"",""https://dine-in-consumer-media-uploads.ifood.com.br/dine-in-partner/salon/photos/84cb65c0-44ad-4ec1-a350-1d95a49770b0_s12.jpg""]",[],"[{""id"":""01965a18-dee2-4783-8fc6-fed835d21b14"",""dayOfWeek"":""MONDAY"",""start"":""17:00"",""duration"":360,""end"":""23:00""},{""id"":""0535b44c-b092-4d19-8179-7dec5ad29b4e"",""dayOfWeek"":""MONDAY"",""start"":""12:00"",""duration"":120,""end"":""14:00""},{""id"":""2f15924b-dc24-4562-bf9a-fc945a13ea19"",""dayOfWeek"":""THURSDAY"",""start"":""00:00"",""duration"":60,""end"":""01:00""},{""id"":""23bc2a48-4bcc-4578-ba89-72ead067b7d8"",""dayOfWeek"":""SATURDAY"",""start"":""00:00"",""duration"":60,""end"":""01:00""},{""id"":""39097bb3-6097-4487-89c3-d822a7b5943d"",""dayOfWeek"":""FRIDAY"",""start"":""00:00"",""duration"":60,""end"":""01:00""},{""id"":""6e7ac06e-1c0f-47af-ba01-8c5d82ca11a7"",""dayOfWeek"":""WEDNESDAY"",""start"":""17:00"",""duration"":419,""end"":""23:59""},{""id"":""ca804588-a530-469f-a6d2-9c021562695a"",""dayOfWeek"":""WEDNESDAY"",""start"":""12:00"",""duration"":120,""end"":""14:00""},{""id"":""f81e0a5d-7802-4c34-8a0f-ba53515a6362"",""dayOfWeek"":""THURSDAY"",""start"":""17:00"",""duration"":419,""end"":""23:59""},{""id"":""03373bd2-ad13-4b01-8a6e-b4f987cbe999"",""dayOfWeek"":""SATURDAY"",""start"":""12:00"",""duration"":719,""end"":""23:59""},{""id"":""2312cb72-1ee9-4809-9b8a-dc020eaaba71"",""dayOfWeek"":""THURSDAY"",""start"":""12:00"",""duration"":120,""end"":""14:00""},{""id"":""2cf869d9-cc2e-4fd8-b67a-d80b46579a31"",""dayOfWeek"":""FRIDAY"",""start"":""17:00"",""duration"":419,""end"":""23:59""},{""id"":""68625c91-1a8e-42ee-8c4c-bfbce2af27c4"",""dayOfWeek"":""TUESDAY"",""start"":""12:00"",""duration"":120,""end"":""14:00""},{""id"":""40a227c0-b9ae-4d4c-aa20-d1b4a4da6c7f"",""dayOfWeek"":""TUESDAY"",""start"":""17:00"",""duration"":360,""end"":""23:00""},{""id"":""1b26aa4e-c44f-4613-bbd2-41ae9fae73d1"",""dayOfWeek"":""FRIDAY"",""start"":""12:00"",""duration"":120,""end"":""14:00""}]",VERY_EXPENSIVE,100,Brasileira,"Rua Clodomiro Amazonas, 260 - Itaim Bibi, SAO PAULO/SP - CEP: 04537000",-23.586.641,-46.679.571,FALSE,TRUE,FALSE,TRUE,FALSE,FALSE,FALSE,FALSE,FALSE,FALSE,TRUE,FALSE,TRUE,FALSE,4.4,4015,null,null,[]
a2c842f0-d949-4205-a8f0-7cbae52db183,Reservas (Get In),America - Center Norte,SAO PAULO,Variada,KEY ACCOUNT,AMERICA - MARCA,FALSE,"A rede de casual dinner com mais de 30 anos de atuação no cenário gastronômico paulista, oferece deliciosos burgers, sanduíches, massas, grelhados, saladas, sobremesas irresistíveis e seu exclusivo frozen yogurt.",https://dine-in-consumer-media-uploads.ifood.com.br/ifood-salao/dine-in-reservations/tagme/68adbe5ae0ef942c279e02c9/6bf26900-e64f-4045-8fad-4b26d68c72d1_logo.jpg,https://dine-in-consumer-media-uploads.ifood.com.br/ifood-salao/dine-in-reservations/tagme/68adbe5ae0ef942c279e02c9/5b9fa52d-a6a4-49af-bcf7-623ce5aa465f_featured.jpg,"[""https://dine-in-consumer-media-uploads.ifood.com.br/ifood-salao/dine-in-reservations/tagme/68adbe5ae0ef942c279e02c9/3c5a5ec7-6ddd-466f-be77-acaa5ebc757f_foto_1.png"",""https://dine-in-consumer-media-uploads.ifood.com.br/ifood-salao/dine-in-reservations/tagme/68adbe5ae0ef942c279e02c9/ae71830e-01de-4420-871e-e470f69991f1_foto_2.png""]",[],"[{""id"":""b4f7d3f0-79a2-464f-9fe4-b3fc84645a30"",""dayOfWeek"":""SUNDAY"",""start"":""11:30"",""duration"":630,""end"":""22:00""},{""id"":""a479f573-4f8d-4e94-a2c2-a47ce10d75b6"",""dayOfWeek"":""THURSDAY"",""start"":""11:30"",""duration"":660,""end"":""22:30""},{""id"":""dd54e2d8-09fb-4b41-852f-ee1c64465ffd"",""dayOfWeek"":""TUESDAY"",""start"":""11:30"",""duration"":660,""end"":""22:30""},{""id"":""77f32944-25fa-4323-9ba6-1f97782dd88a"",""dayOfWeek"":""SATURDAY"",""start"":""11:30"",""duration"":690,""end"":""23:00""},{""id"":""d5528330-d854-4555-9fb9-78064a236c30"",""dayOfWeek"":""WEDNESDAY"",""start"":""11:30"",""duration"":660,""end"":""22:30""},{""id"":""5cb0df74-db01-4cfd-b440-94c8ffc8a397"",""dayOfWeek"":""FRIDAY"",""start"":""11:30"",""duration"":690,""end"":""23:00""},{""id"":""44157f70-3b12-4459-b2e7-ab806cb731ce"",""dayOfWeek"":""MONDAY"",""start"":""11:30"",""duration"":660,""end"":""22:30""}]",EXPENSIVE,80,Variada,"Travessa Casalbuono, 120 - Vila Guilherme, SAO PAULO/SP - CEP: 02089900",-2.351.571,-46.618.052,TRUE,FALSE,TRUE,FALSE,FALSE,FALSE,FALSE,FALSE,FALSE,FALSE,FALSE,FALSE,TRUE,FALSE,4.4,3320,null,null,"[""Pra Curtir em Família"",""Ambiente ao Ar Livre"",""Para esquentar""]"
be46669f-1d88-4559-83a6-919cc5c5905e,Reservas (Get In),America - Jardim Sul,SAO PAULO,Variada,KEY ACCOUNT,AMERICA - MARCA,FALSE,"A rede de casual dinner com mais de 30 anos de atuação no cenário gastronômico paulista, oferece deliciosos burgers, sanduíches, massas, grelhados, saladas, sobremesas irresistíveis e seu exclusivo frozen yogurt.",https://dine-in-consumer-media-uploads.ifood.com.br/ifood-salao/dine-in-reservations/tagme/68adbe04e0ef942c279dff58/df4167b3-c121-460b-a079-74b86fba395c_logo.jpg,https://dine-in-consumer-media-uploads.ifood.com.br/ifood-salao/dine-in-reservations/tagme/68adbe04e0ef942c279dff58/5fea1b2f-d61b-4a3b-8823-237baf0c84bf_featured.jpg,"[""https://dine-in-consumer-media-uploads.ifood.com.br/ifood-salao/dine-in-reservations/tagme/68adbe04e0ef942c279dff58/bb6b2250-6021-4265-99b8-ddc2ad33cef2_foto_1.png"",""https://dine-in-consumer-media-uploads.ifood.com.br/ifood-salao/dine-in-reservations/tagme/68adbe04e0ef942c279dff58/79518b2e-4b7e-4433-a7a1-c30ad5c997d7_foto_2.png"",""https://dine-in-consumer-media-uploads.ifood.com.br/ifood-salao/dine-in-reservations/tagme/68adbe04e0ef942c279dff58/ff59323f-c372-4b94-8462-d12c7132d1b8_foto_3.png""]",[],"[{""id"":""264c630c-314f-4171-add6-d88ea329893b"",""dayOfWeek"":""SUNDAY"",""start"":""11:30"",""duration"":630,""end"":""22:00""},{""id"":""a8960408-4cde-410e-83fb-5d8b6a45eb0f"",""dayOfWeek"":""THURSDAY"",""start"":""11:30"",""duration"":630,""end"":""22:00""},{""id"":""51d9af04-d242-4dc3-b4a7-244f8edf8061"",""dayOfWeek"":""FRIDAY"",""start"":""11:30"",""duration"":690,""end"":""23:00""},{""id"":""2f19c5f4-f6d5-42f4-aa93-843506cdbeac"",""dayOfWeek"":""WEDNESDAY"",""start"":""11:30"",""duration"":630,""end"":""22:00""},{""id"":""1698608e-feb0-4971-8bda-7563f8efaf76"",""dayOfWeek"":""TUESDAY"",""start"":""11:30"",""duration"":630,""end"":""22:00""},{""id"":""6cd78e3e-6dac-4bcf-88c0-84d986243a5a"",""dayOfWeek"":""SATURDAY"",""start"":""11:30"",""duration"":690,""end"":""23:00""},{""id"":""65f75c34-4b24-4bc5-b891-3815ea5744ec"",""dayOfWeek"":""MONDAY"",""start"":""11:30"",""duration"":630,""end"":""22:00""}]",EXPENSIVE,80,Variada,"Av. Giovanni Gronchi, 61 - Vila Andrade, SAO PAULO/SP - CEP: 05724001",-2.363.116,-46.735.912,TRUE,FALSE,TRUE,FALSE,FALSE,FALSE,FALSE,FALSE,FALSE,FALSE,FALSE,FALSE,TRUE,FALSE,4.4,94,null,null,"[""Pra Curtir em Família"",""Ambiente ao Ar Livre""]"
96c826b7-e7be-458a-98fe-03bec8389a72,Reservas (Get In),America - Mooca,SAO PAULO,Variada,KEY ACCOUNT,AMERICA - MARCA,FALSE,"A rede de casual dinner com mais de 30 anos de atuação no cenário gastronômico paulista, oferece deliciosos burgers, sanduíches, massas, grelhados, saladas, sobremesas irresistíveis e seu exclusivo frozen yogurt.",https://dine-in-consumer-media-uploads.ifood.com.br/ifood-salao/dine-in-reservations/tagme/68adbe0b2d8f86179a4b692d/b40af847-5d79-4b19-b53c-81a45e34865a_logo.jpg,https://dine-in-consumer-media-uploads.ifood.com.br/ifood-salao/dine-in-reservations/tagme/68adbe0b2d8f86179a4b692d/c06000b1-b65b-4072-8b3d-196b86be2e81_featured.jpg,"[""https://dine-in-consumer-media-uploads.ifood.com.br/ifood-salao/dine-in-reservations/tagme/68adbe0b2d8f86179a4b692d/0dd03a02-6e00-4bd6-8362-113e03e439dc_foto_1.png"",""https://dine-in-consumer-media-uploads.ifood.com.br/ifood-salao/dine-in-reservations/tagme/68adbe0b2d8f86179a4b692d/8e029490-e78a-4a13-a8e6-3558a20a7200_foto_2.png"",""https://dine-in-consumer-media-uploads.ifood.com.br/ifood-salao/dine-in-reservations/tagme/68adbe0b2d8f86179a4b692d/438b71aa-c72a-4df1-b94f-0496565010df_foto_3.png""]",[],"[{""id"":""b5f267c2-ee83-4d61-b25f-d156969eb5ed"",""dayOfWeek"":""THURSDAY"",""start"":""11:30"",""duration"":630,""end"":""22:00""},{""id"":""7541aa42-c130-4bd3-9f37-800998d2fb4f"",""dayOfWeek"":""WEDNESDAY"",""start"":""11:30"",""duration"":630,""end"":""22:00""},{""id"":""2abbbc9d-7336-4abc-a750-71b10c0fb59f"",""dayOfWeek"":""FRIDAY"",""start"":""11:30"",""duration"":630,""end"":""22:00""},{""id"":""80928824-350d-40eb-959a-4d860391cea5"",""dayOfWeek"":""TUESDAY"",""start"":""11:30"",""duration"":630,""end"":""22:00""},{""id"":""ccf376d3-f440-497c-96e8-6b6991ef92eb"",""dayOfWeek"":""MONDAY"",""start"":""11:30"",""duration"":630,""end"":""22:00""},{""id"":""6ae794dd-9f49-47fa-bdee-0499b8c21fc7"",""dayOfWeek"":""SUNDAY"",""start"":""11:30"",""duration"":570,""end"":""21:00""},{""id"":""f50ea558-9578-4678-9706-e3366382da42"",""dayOfWeek"":""SATURDAY"",""start"":""11:30"",""duration"":630,""end"":""22:00""}]",EXPENSIVE,80,Variada,"Rua Capitão Pacheco e Chaves , 313 - Vila Prudente, SAO PAULO/SP - CEP: 03126000",-23.579.748,-46.594.365,TRUE,FALSE,TRUE,FALSE,FALSE,FALSE,FALSE,FALSE,FALSE,FALSE,FALSE,FALSE,TRUE,FALSE,4.4,1997,null,null,"[""Pra Curtir em Família"",""Adoçar o Dia"",""Ambiente ao Ar Livre"",""Para esquentar""]"
69bfacf5-752f-401f-b04c-1ab40c91242f,Reservas (Get In),America - Villa Lobos,SAO PAULO,Variada,KEY ACCOUNT,AMERICA - MARCA,FALSE,"A rede de casual dinner com mais de 30 anos de atuação no cenário gastronômico paulista, oferece deliciosos burgers, sanduíches, massas, grelhados, saladas, sobremesas irresistíveis e seu exclusivo frozen yogurt.",https://dine-in-consumer-media-uploads.ifood.com.br/ifood-salao/dine-in-reservations/tagme/68adbe27e0ef942c279e011b/a2493073-a62c-403e-8414-21ab735204c0_logo.jpg,https://dine-in-consumer-media-uploads.ifood.com.br/ifood-salao/dine-in-reservations/tagme/68adbe27e0ef942c279e011b/4f5fea32-3f7d-4945-a3af-272236bbbbcf_featured.jpg,"[""https://dine-in-consumer-media-uploads.ifood.com.br/ifood-salao/dine-in-reservations/tagme/68adbe27e0ef942c279e011b/847fc0de-71c0-4540-b940-28c5067e0b6d_foto_1.png"",""https://dine-in-consumer-media-uploads.ifood.com.br/ifood-salao/dine-in-reservations/tagme/68adbe27e0ef942c279e011b/49f49d43-770d-4dee-a8ba-aa60748d284c_foto_2.png"",""https://dine-in-consumer-media-uploads.ifood.com.br/ifood-salao/dine-in-reservations/tagme/68adbe27e0ef942c279e011b/e1ff176d-352b-4956-a46f-a7a0304dca2b_foto_3.png""]",[],"[{""id"":""6144d04e-1e49-4db3-8ac0-2379e5309db1"",""dayOfWeek"":""SATURDAY"",""start"":""11:30"",""duration"":690,""end"":""23:00""},{""id"":""8750ce64-87eb-47f0-b72e-788d551fb125"",""dayOfWeek"":""TUESDAY"",""start"":""11:30"",""duration"":660,""end"":""22:30""},{""id"":""b71cffcd-1960-44d0-abd5-834120990bb1"",""dayOfWeek"":""FRIDAY"",""start"":""11:30"",""duration"":690,""end"":""23:00""},{""id"":""731d998a-245f-47d6-8eac-7670895e344f"",""dayOfWeek"":""MONDAY"",""start"":""11:30"",""duration"":660,""end"":""22:30""},{""id"":""8ee32a31-05c3-4b0b-8a52-b3afc2536d89"",""dayOfWeek"":""THURSDAY"",""start"":""11:30"",""duration"":660,""end"":""22:30""},{""id"":""8644e9d2-aa61-43e5-96a3-7a7661869441"",""dayOfWeek"":""SUNDAY"",""start"":""11:30"",""duration"":630,""end"":""22:00""},{""id"":""e92acb5b-b868-4b38-89d8-743781619826"",""dayOfWeek"":""WEDNESDAY"",""start"":""11:30"",""duration"":660,""end"":""22:30""}]",EXPENSIVE,80,Variada,"Av. das Nações Unidas, 4777 - Jardim Universidade Pinheiros, SAO PAULO/SP - CEP: 05477000",-23.551.366,-46.722.165,TRUE,TRUE,FALSE,TRUE,FALSE,FALSE,TRUE,TRUE,TRUE,FALSE,FALSE,FALSE,TRUE,FALSE,4.4,2856,null,null,"[""Pra Curtir em Família""]"
3792306b-b8a9-4c44-b081-5e2dc909a934,Reservas (Get In),America - Paulista,SAO PAULO,Lanches,KEY ACCOUNT,AMERICA - MARCA,FALSE,"A rede de casual dinner com mais de 30 anos de atuação no cenário gastronômico paulista, oferece deliciosos burgers, sanduíches, massas, grelhados, saladas, sobremesas irresistíveis e seu exclusivo frozen yogurt.",https://dine-in-consumer-media-uploads.ifood.com.br/ifood-salao/dine-in-reservations/tagme/68adbe2de0ef942c279e016c/48a3d416-8973-47db-a786-9c0948c98ad2_logo.jpg,https://dine-in-consumer-media-uploads.ifood.com.br/ifood-salao/dine-in-reservations/tagme/68adbe2de0ef942c279e016c/d552c5ce-8f20-4b79-ac7d-37b1cd1d0f11_featured.jpg,"[""https://dine-in-consumer-media-uploads.ifood.com.br/ifood-salao/dine-in-reservations/tagme/68adbe2de0ef942c279e016c/84d51dfa-2f13-4010-888f-dab559a2bf76_foto_1.jpg"",""https://dine-in-consumer-media-uploads.ifood.com.br/ifood-salao/dine-in-reservations/tagme/68adbe2de0ef942c279e016c/2778ccde-c3e7-4922-ab9c-321c63d50218_foto_2.jpg"",""https://dine-in-consumer-media-uploads.ifood.com.br/ifood-salao/dine-in-reservations/tagme/68adbe2de0ef942c279e016c/d50d5094-7186-419f-ac49-9874743d81b9_foto_3.jpg""]",[],"[{""id"":""961eab55-3a46-4094-8d7e-2dd36a4d7cf5"",""dayOfWeek"":""WEDNESDAY"",""start"":""11:30"",""duration"":630,""end"":""22:00""},{""id"":""67601f17-8654-4fab-a583-2dc5e6f6c432"",""dayOfWeek"":""SUNDAY"",""start"":""11:30"",""duration"":630,""end"":""22:00""},{""id"":""468811e0-37fc-46ce-966f-d6c941e3694e"",""dayOfWeek"":""FRIDAY"",""start"":""11:30"",""duration"":690,""end"":""23:00""},{""id"":""a625110f-35eb-4cf9-bce3-7c4064c5fa2e"",""dayOfWeek"":""MONDAY"",""start"":""11:30"",""duration"":630,""end"":""22:00""},{""id"":""7bcb64fe-f1f0-4317-8173-9dab71848cf4"",""dayOfWeek"":""TUESDAY"",""start"":""11:30"",""duration"":630,""end"":""22:00""},{""id"":""574b31b7-607d-4f0d-8add-efcdad10a74b"",""dayOfWeek"":""THURSDAY"",""start"":""11:30"",""duration"":630,""end"":""22:00""},{""id"":""83a0716a-6bb8-479c-a737-812556c3956a"",""dayOfWeek"":""SATURDAY"",""start"":""11:30"",""duration"":690,""end"":""23:00""}]",EXPENSIVE,80,Lanches,"Avenida Paulista, 2295 - Bela Vista, SAO PAULO/SP - CEP: 01311300",-23.557.336,-46.661.589,TRUE,FALSE,TRUE,FALSE,FALSE,FALSE,FALSE,FALSE,FALSE,FALSE,FALSE,FALSE,TRUE,FALSE,4.3,5194,null,null,"[""Pra Curtir em Família"",""Adoçar o Dia"",""Ambiente ao Ar Livre"",""Para esquentar""]"
dee76646-c793-41bc-8099-01090f262d40,Reservas (Get In),America - Moema,SAO PAULO,Variada,KEY ACCOUNT,AMERICA - MARCA,FALSE,"A rede de casual dinner com mais de 30 anos de atuação no cenário gastronômico paulista, oferece deliciosos burgers, sanduíches, massas, grelhados, saladas, sobremesas irresistíveis e seu exclusivo frozen yogurt.",https://dine-in-consumer-media-uploads.ifood.com.br/ifood-salao/dine-in-reservations/tagme/68adbe342d8f86179a4b6bee/ef71967a-0be0-43fc-84d2-fc076cf3ed77_logo.jpg,https://dine-in-consumer-media-uploads.ifood.com.br/ifood-salao/dine-in-reservations/tagme/68adbe342d8f86179a4b6bee/98a9216d-bb54-4274-89f0-a3f37c89bd4f_featured.jpg,"[""https://dine-in-consumer-media-uploads.ifood.com.br/ifood-salao/dine-in-reservations/tagme/68adbe342d8f86179a4b6bee/f3b3001c-e615-4f09-901e-aada6922388a_foto_1.png"",""https://dine-in-consumer-media-uploads.ifood.com.br/ifood-salao/dine-in-reservations/tagme/68adbe342d8f86179a4b6bee/fc1d3417-bdb3-42d4-a243-9a69db767dc4_foto_2.png"",""https://dine-in-consumer-media-uploads.ifood.com.br/ifood-salao/dine-in-reservations/tagme/68adbe342d8f86179a4b6bee/15278179-f942-46f4-9b2a-6497c5c1d133_foto_3.png""]",[],"[{""id"":""22d93e17-4e18-431c-869b-88cd7b53ae65"",""dayOfWeek"":""SUNDAY"",""start"":""11:30"",""duration"":630,""end"":""22:00""},{""id"":""442d0313-297b-4b08-8c0e-3ec426b85d86"",""dayOfWeek"":""SATURDAY"",""start"":""11:30"",""duration"":690,""end"":""23:00""},{""id"":""22766aab-7251-4381-8b53-791515fcbe40"",""dayOfWeek"":""MONDAY"",""start"":""11:30"",""duration"":660,""end"":""22:30""},{""id"":""dab5b2f8-0128-47f6-98f1-5d509e7d12f5"",""dayOfWeek"":""THURSDAY"",""start"":""11:30"",""duration"":660,""end"":""22:30""},{""id"":""2087818b-572f-448e-b23b-fdd1672c41c8"",""dayOfWeek"":""FRIDAY"",""start"":""11:30"",""duration"":690,""end"":""23:00""},{""id"":""5e1d62af-0317-4e86-a6cf-3cef31f3f8e7"",""dayOfWeek"":""WEDNESDAY"",""start"":""11:30"",""duration"":660,""end"":""22:30""},{""id"":""defcbb6f-a114-4c8f-b90e-8afdf07d2bc6"",""dayOfWeek"":""TUESDAY"",""start"":""11:30"",""duration"":660,""end"":""22:30""}]",EXPENSIVE,80,Variada,"Rua Tuim, 18 - Vila Uberabinha, SAO PAULO/SP - CEP: 04514100",-23.597.997,-46.667.013,TRUE,FALSE,TRUE,FALSE,FALSE,FALSE,FALSE,FALSE,FALSE,FALSE,FALSE,FALSE,TRUE,FALSE,4.2,1382,null,null,"[""Pra Curtir em Família"",""Ambiente ao Ar Livre"",""Para esquentar""]"
9c1c3c49-0b3d-4de1-bbba-e51a9bafd0e6,Reservas (Get In),Primo Basílico Itaim,SAO PAULO,Pizza,CONTA ESTRATEGICA,PRIMO BASILICO,FALSE,"Somos a Primo Basilico, uma pizzaria com 30 anos de tradição. Fazemos uma pizza artesanal com os melhores ingredientes e receitas cheias de personalidade.",https://dine-in-consumer-media-uploads.ifood.com.br/ifood-salao/dine-in-reservations/getin/l6y8gj1m/3aaca4f7-ee5b-4528-9bb7-219a62b46e94_logo.jpg,https://dine-in-consumer-media-uploads.ifood.com.br/ifood-salao/dine-in-reservations/getin/l6y8gj1m/5c20dc24-99d3-48d9-ad39-5eca2861580d_featured.jpg,"[""https://dine-in-consumer-media-uploads.ifood.com.br/ifood-salao/dine-in-reservations/getin/l6y8gj1m/c603fe2c-94ab-4551-a5ed-58901fd584a7_foto_1.jpg"",""https://dine-in-consumer-media-uploads.ifood.com.br/ifood-salao/dine-in-reservations/getin/l6y8gj1m/c9e68133-0a43-4a4a-a3d5-ac6c25bd23c4_foto_2.jpg"",""https://dine-in-consumer-media-uploads.ifood.com.br/ifood-salao/dine-in-reservations/getin/l6y8gj1m/c6e1dde5-ba36-4e6e-aee1-6599803a9b98_foto_3.jpg"",""https://dine-in-consumer-media-uploads.ifood.com.br/ifood-salao/dine-in-reservations/getin/l6y8gj1m/a7e08a8c-5a9a-476c-a94b-7d2aa2ee72d3_foto_4.jpg"",""https://dine-in-consumer-media-uploads.ifood.com.br/ifood-salao/dine-in-reservations/getin/l6y8gj1m/3aa36f2b-4c50-4f49-9e57-28e5ff8de2ca_foto_5.jpg"",""https://dine-in-consumer-media-uploads.ifood.com.br/ifood-salao/dine-in-reservations/getin/l6y8gj1m/8e0b3c3d-753b-42bd-a6aa-403ea26bb1ad_foto_6.jpg""]",[],"[{""id"":""f29b1b68-4e31-4bdc-9c51-6199a65ac0f2"",""dayOfWeek"":""TUESDAY"",""start"":""18:00"",""duration"":359,""end"":""23:59""},{""id"":""ab0d8399-2eb0-4530-8896-bfa2a3f56748"",""dayOfWeek"":""SUNDAY"",""start"":""18:00"",""duration"":359,""end"":""23:59""},{""id"":""7f9546a5-3c88-47e0-9c66-697675ecd9e1"",""dayOfWeek"":""THURSDAY"",""start"":""18:00"",""duration"":359,""end"":""23:59""},{""id"":""352aca8e-7b54-47e9-bc54-c206b801a37c"",""dayOfWeek"":""SATURDAY"",""start"":""18:00"",""duration"":359,""end"":""23:59""},{""id"":""ac8df093-02e9-429f-89f3-cc0e537a61d6"",""dayOfWeek"":""FRIDAY"",""start"":""18:00"",""duration"":359,""end"":""23:59""},{""id"":""10dd2f60-014d-4579-9189-c473ba650af4"",""dayOfWeek"":""WEDNESDAY"",""start"":""18:00"",""duration"":359,""end"":""23:59""},{""id"":""4a7b2c3d-59d8-4765-b34d-8b4c7c1f21bd"",""dayOfWeek"":""MONDAY"",""start"":""18:00"",""duration"":359,""end"":""23:59""}]",VERY_EXPENSIVE,100,Pizza,"Rua Professor Carlos de Carvalho, 181 - Itaim Bibi, SAO PAULO/SP - CEP: 04531080",-2.358.267,-46.680.543,TRUE,FALSE,FALSE,TRUE,FALSE,FALSE,FALSE,FALSE,FALSE,TRUE,TRUE,FALSE,TRUE,FALSE,4.9,2680,null,null,"[""Pra Curtir em Família"",""Momento a Dois"",""Ambiente ao Ar Livre""]"
54856052-e31d-4239-a89c-f7ae99508402,Reservas (Get In),Deveras Pizza,SAO PAULO,Pizza,CONTA ESTRATEGICA,BIG KAHUNA BURGER,FALSE,"Eleita como a Melhor Pizzaria de São Paulo pela Veja Comer & Beber 2020/2021. Nossas pizzas são individuais e nossa massa é elaborada com farinha italiana e 48 horas de maturação para que fique mais leve e saborosa. Utilizamos somente insumos selecionados e de pequenos produtores. Temos sabores tradicionais como Margherita, Calabresa e Quattro Formaggi e também sabores exclusivos como Prosciuto e Figo, Merguez e Green Mamma. #Vegano",https://dine-in-consumer-media-uploads.ifood.com.br/ifood-salao/dine-in-reservations/getin/e63Rd91v/64b83763-c7cb-4374-a33c-f2062e153dd3_logo.png,https://dine-in-consumer-media-uploads.ifood.com.br/ifood-salao/dine-in-reservations/getin/e63Rd91v/14034b63-b728-4518-98ea-0e49a617f30e_featured.jpg,"[""https://dine-in-consumer-media-uploads.ifood.com.br/ifood-salao/dine-in-reservations/getin/e63Rd91v/ff66c261-c0c0-4c5e-9d5e-73a9632246f7_foto_1.jpg"",""https://dine-in-consumer-media-uploads.ifood.com.br/ifood-salao/dine-in-reservations/getin/e63Rd91v/91ed1b38-7dda-4be4-b599-969059ccd60e_foto_2.jpg"",""https://dine-in-consumer-media-uploads.ifood.com.br/ifood-salao/dine-in-reservations/getin/e63Rd91v/d98e1bb4-a29f-423e-a50a-98dd7e6578d1_foto_3.jpg"",""https://dine-in-consumer-media-uploads.ifood.com.br/ifood-salao/dine-in-reservations/getin/e63Rd91v/d942ae81-41f1-4f51-a6ee-3333f82005e8_foto_4.jpg"",""https://dine-in-consumer-media-uploads.ifood.com.br/ifood-salao/dine-in-reservations/getin/e63Rd91v/44e21093-40c9-40e8-bbb0-98e0adfb7177_foto_5.jpg"",""https://dine-in-consumer-media-uploads.ifood.com.br/ifood-salao/dine-in-reservations/getin/e63Rd91v/925ae61c-d829-4132-b7f3-5b0bcd670722_foto_6.jpg"",""https://dine-in-consumer-media-uploads.ifood.com.br/ifood-salao/dine-in-reservations/getin/e63Rd91v/e3f1e9f6-6a3f-465b-ad6b-bcfa59268d77_foto_7.jpg"",""https://dine-in-consumer-media-uploads.ifood.com.br/ifood-salao/dine-in-reservations/getin/e63Rd91v/89c36031-d876-40be-be9d-a24ecd546cf0_foto_8.jpg"",""https://dine-in-consumer-media-uploads.ifood.com.br/ifood-salao/dine-in-reservations/getin/e63Rd91v/d3899b42-c3d4-419f-93b7-50a5ad7bc803_foto_9.jpg"",""https://dine-in-consumer-media-uploads.ifood.com.br/ifood-salao/dine-in-reservations/getin/e63Rd91v/f264e0a3-ad57-4f1f-96f9-6948e2646034_foto_10.jpg""]",[],"[{""id"":""bbe2d142-4319-47bb-81a8-b8ddc6c66da1"",""dayOfWeek"":""FRIDAY"",""start"":""18:00"",""duration"":300,""end"":""23:00""},{""id"":""8639320a-27a0-497f-9cc9-7df149b57af2"",""dayOfWeek"":""WEDNESDAY"",""start"":""18:00"",""duration"":300,""end"":""23:00""},{""id"":""91342808-d79f-4497-add4-c53fb50ba7d4"",""dayOfWeek"":""TUESDAY"",""start"":""18:00"",""duration"":300,""end"":""23:00""},{""id"":""ce876bdc-8be0-4ab6-b1f3-9372d7ca23fe"",""dayOfWeek"":""SATURDAY"",""start"":""18:00"",""duration"":300,""end"":""23:00""},{""id"":""d845200e-29bf-4791-8516-e893b98b1d93"",""dayOfWeek"":""THURSDAY"",""start"":""18:00"",""duration"":300,""end"":""23:00""},{""id"":""7501af91-901b-4955-892b-981fee11d237"",""dayOfWeek"":""SUNDAY"",""start"":""18:00"",""duration"":300,""end"":""23:00""},{""id"":""5e0f4e32-4c77-4cea-b62a-0169a07265ab"",""dayOfWeek"":""MONDAY"",""start"":""18:00"",""duration"":300,""end"":""23:00""}]",VERY_EXPENSIVE,100,Pizza,"Alameda Campinas, 1341 - Jardim Paulista, SAO PAULO/SP - CEP: 01404003",-23.571.648,-46.658.606,FALSE,FALSE,TRUE,TRUE,FALSE,FALSE,FALSE,TRUE,TRUE,FALSE,FALSE,FALSE,FALSE,FALSE,4.8,925,null,null,"[""Pra Curtir em Família"",""Ambiente ao Ar Livre"",""Para esquentar""]"
ef9e086f-72b3-4df1-9910-05571aa81b4d,Reservas (Get In),Fogo de Chão  Unidade Center Norte,SAO PAULO,Carnes,CONTA ESTRATEGICA,FOGO DE CHAO,TRUE,"A Fogo de Chão é uma churrascaria brasileira especializada na tradicional técnica gaúcha do espeto corrido. Preparamos o autêntico churrasco com carnes nobres, como os cortes picanha, bife ancho,  fraldinha e ingredientes selecionados, sempre servidos à mesa por gaúchos especialmente treinados. Nosso delivery conta com opções individuais e para compartilhar com toda a família.",https://dine-in-consumer-media-uploads.ifood.com.br/ifood-salao/dine-in-reservations/tagme/615b61ed7f300d0037bbe594/d270ef32-32ef-4884-bf00-98d02037cf54_logo.jpg,https://dine-in-consumer-media-uploads.ifood.com.br/ifood-salao/dine-in-reservations/tagme/615b61ed7f300d0037bbe594/cdb022c4-7827-41ba-b0f8-44e974791f72_featured.jpg,"[""https://dine-in-consumer-media-uploads.ifood.com.br/ifood-salao/dine-in-reservations/tagme/615b61ed7f300d0037bbe594/325474f5-a46e-4b08-a27c-14a65c546f8a_foto_1.jpg"",""https://dine-in-consumer-media-uploads.ifood.com.br/ifood-salao/dine-in-reservations/tagme/615b61ed7f300d0037bbe594/875e621e-01e1-42cc-9606-e1a080253d08_foto_2.jpg"",""https://dine-in-consumer-media-uploads.ifood.com.br/ifood-salao/dine-in-reservations/tagme/615b61ed7f300d0037bbe594/2d36deed-37fe-47af-967e-9a8d723f7395_foto_3.jpg""]",[],"[{""id"":""a8f61468-6191-46e7-b7be-0bb7a377b8a5"",""dayOfWeek"":""SATURDAY"",""start"":""12:00"",""duration"":660,""end"":""23:00""},{""id"":""3868f022-b909-4e9f-8045-4a207db3582a"",""dayOfWeek"":""MONDAY"",""start"":""12:00"",""duration"":660,""end"":""23:00""},{""id"":""446fe0d8-eb97-4c18-b43e-27e81a2b0831"",""dayOfWeek"":""TUESDAY"",""start"":""12:00"",""duration"":660,""end"":""23:00""},{""id"":""42f7bfa4-af0f-41b1-a3a9-5bfe7a37d186"",""dayOfWeek"":""WEDNESDAY"",""start"":""12:00"",""duration"":660,""end"":""23:00""},{""id"":""3558c22e-aff5-4af3-b2fb-c7a413a0cb09"",""dayOfWeek"":""FRIDAY"",""start"":""12:00"",""duration"":660,""end"":""23:00""},{""id"":""d4de4369-15ec-4c00-a8f5-107e32485145"",""dayOfWeek"":""THURSDAY"",""start"":""12:00"",""duration"":660,""end"":""23:00""},{""id"":""b3cff9cd-256c-45c6-8911-62cfe8b83e35"",""dayOfWeek"":""SUNDAY"",""start"":""12:00"",""duration"":540,""end"":""21:00""}]",VERY_EXPENSIVE,100,Carnes,"Tv. Casalbuono, 120 - Vila Guilherme, SAO PAULO/SP - CEP: 02047050",-2.351.571,-46.618.052,TRUE,TRUE,FALSE,TRUE,FALSE,FALSE,FALSE,FALSE,FALSE,FALSE,FALSE,FALSE,TRUE,FALSE,4.8,32303,null,null,"[""Pra Curtir em Família"",""Copa do Mundo"",""Brindar com Amigos"",""Ambiente ao Ar Livre"",""Para esquentar""]"
d0aa2795-41a7-45b9-933f-6a283c253670,Reservas (Get In),Fogo de Chão  Unidade Moema,SAO PAULO,Carnes,CONTA ESTRATEGICA,FOGO DE CHAO,TRUE,"Churrascaria brasileira especializada na tradicional técnica gaúcha do espeto corrido. Preparamos o autêntico churrasco com carnes nobres, como os cortes picanha, bife ancho e fraldinha, e com ingredientes selecionados, sempre servidos à mesa por gaúchos especialmente treinados. Nosso delivery conta com opções individuais e para compartilhar com toda a família.\n\n",https://dine-in-consumer-media-uploads.ifood.com.br/ifood-salao/dine-in-reservations/tagme/615db30387c266002005fad1/44a1263c-8bf4-4495-923e-32be3a511c9f_logo.jpg,https://dine-in-consumer-media-uploads.ifood.com.br/ifood-salao/dine-in-reservations/tagme/615db30387c266002005fad1/bd4a1cfd-0191-4ee8-b3c1-d3ef3dd18b11_featured.jpg,"[""https://dine-in-consumer-media-uploads.ifood.com.br/ifood-salao/dine-in-reservations/tagme/615db30387c266002005fad1/7563388a-6af2-491f-a2ec-a6cdeeaeaf1c_foto_1.jpg"",""https://dine-in-consumer-media-uploads.ifood.com.br/ifood-salao/dine-in-reservations/tagme/615db30387c266002005fad1/72706606-cd59-44fc-82e7-1d695902e0b3_foto_2.jpg"",""https://dine-in-consumer-media-uploads.ifood.com.br/ifood-salao/dine-in-reservations/tagme/615db30387c266002005fad1/86f13ff1-09a3-470f-afac-fc99ccdde9c6_foto_3.jpg""]",[],"[{""id"":""14b1f659-2136-4c02-b3cd-f2d8260d91b5"",""dayOfWeek"":""SUNDAY"",""start"":""12:00"",""duration"":540,""end"":""21:00""},{""id"":""a83cd573-0030-4fa2-9ac9-cd137bd02d5d"",""dayOfWeek"":""FRIDAY"",""start"":""12:00"",""duration"":660,""end"":""23:00""},{""id"":""d5e31164-daa0-4988-aa32-8feb7cbd02d6"",""dayOfWeek"":""WEDNESDAY"",""start"":""12:00"",""duration"":660,""end"":""23:00""},{""id"":""0b9b0ea2-42f4-4b14-aeba-7f1dc82853c4"",""dayOfWeek"":""MONDAY"",""start"":""12:00"",""duration"":660,""end"":""23:00""},{""id"":""3dc70def-894d-4565-ab9a-6535b469b437"",""dayOfWeek"":""SATURDAY"",""start"":""12:00"",""duration"":660,""end"":""23:00""},{""id"":""4414b6ac-7a48-4a0e-81a8-29b1d94ab4c4"",""dayOfWeek"":""THURSDAY"",""start"":""12:00"",""duration"":660,""end"":""23:00""},{""id"":""8c13aab7-fedc-46d7-981b-cab25928c5ce"",""dayOfWeek"":""TUESDAY"",""start"":""12:00"",""duration"":660,""end"":""23:00""}]",VERY_EXPENSIVE,100,Carnes,"Av. Moreira Guimarães, 964 - Moema, SAO PAULO/SP - CEP: 04074020",-23.614.092,-4.665.922,TRUE,FALSE,FALSE,FALSE,FALSE,FALSE,FALSE,FALSE,FALSE,FALSE,FALSE,FALSE,TRUE,FALSE,4.8,32303,null,null,"[""Pra Curtir em Família"",""Copa do Mundo"",""Brindar com Amigos"",""Ambiente ao Ar Livre"",""Para esquentar""]"